类型,谱例编号,图片路径,章节,分组,小节,图注
图,,E:\Documents\DeepSeeK\harmony-trainer\images\1126427795_figure_large.jpg,第一章 循环与网格图,1-2 三和弦的网格,大三和弦,图1.21 C和弦的结构
谱例,9.94,E:\Documents\DeepSeeK\harmony-trainer\images\1126726404_figure_large.jpg,第九章 音乐的结构,9-6 和弦的伴奏音型,3. 快速交替,
图,,E:\Documents\DeepSeeK\harmony-trainer\images\1126726589_figure_largeshow.jpg,第十章 基础篇总结,10-1 基础和声总结,本书的思路,图10.1 本书的各章内容
图,,E:\Documents\DeepSeeK\harmony-trainer\images\1126726728_figure_large.jpg,附录,附录一 附图,8. 大小调的近关系调,
谱例,3.15,E:\Documents\DeepSeeK\harmony-trainer\images\1126747155_figure_largeshow.jpg,第三章 小调和声,3-4 小调的借用和弦,属、下属和弦的借用,
图,,E:\Documents\DeepSeeK\harmony-trainer\images\1126764655_figure_largeshow.jpg,第三章 小调和声,3-3 大调的借用和弦,属、下属和弦的借用,图3.20 C大调与c自然小调的正三和弦
图,,E:\Documents\DeepSeeK\harmony-trainer\images\1126764879_figure_large.jpg,第三章 小调和声,3-4 小调的借用和弦,属、下属和弦的借用,
谱例,3.5,E:\Documents\DeepSeeK\harmony-trainer\images\1127251777_figure_largeshow.jpg,第三章 小调和声,3-3 大调的借用和弦,属、下属和弦的借用,
谱例,7.39,E:\Documents\DeepSeeK\harmony-trainer\images\1128122954_figure_large.jpg,第七章 和弦外音,7-4 平行与反向和声,平行和声的应用,
图,,E:\Documents\DeepSeeK\harmony-trainer\images\1128123042_figure_large.jpg,第七章 和弦外音,7-4 平行与反向和声,平行和声的应用,
谱例,6.4,E:\Documents\DeepSeeK\harmony-trainer\images\1128755314_figure_large.jpg,第六章 排列与连接,6-2 音的排列,下疏上密中不空,
图,,E:\Documents\DeepSeeK\harmony-trainer\images\1129189798_figure_largeshow.jpg,第二章 大调和声,2-2 大调的正三和弦,准备、解决与曳动,图2.17 正三和弦各种进行的紧张度变化
图,,E:\Documents\DeepSeeK\harmony-trainer\images\1130487040_figure_largeshow.jpg,第六章 排列与连接,6-1 谐音列与音程,谐音列与音程,图6.7 钢琴相距纯五度(100Hz与150Hz)两个音的频谱
谱例,8.10,E:\Documents\DeepSeeK\harmony-trainer\images\1130487153_figure_large.jpg,第八章 和弦变换,8-1 三和弦的变换（上）,大三度循环,
谱例,7.3,E:\Documents\DeepSeeK\harmony-trainer\images\1133124224_figure_large.jpg,第七章 和弦外音,7-1 和弦外音,经过音和辅助音,
谱例,9.110,E:\Documents\DeepSeeK\harmony-trainer\images\1133851442_figure_large.jpg,第九章 音乐的结构,9-7 曲式简介,奏鸣曲式,
图,,E:\Documents\DeepSeeK\harmony-trainer\images\1135363141_figure_largeshow.jpg,第七章 和弦外音,7-3 趋近和弦,连续趋近,图7.10 二五替换与三全音替换的联用
谱例,3.2,E:\Documents\DeepSeeK\harmony-trainer\images\1143580590_figure_largeshow.jpg,第三章 小调和声,3-2 和声分析与小调进行,五线谱的和声分析,
图,,E:\Documents\DeepSeeK\harmony-trainer\images\1143580625_figure_largeshow.jpg,第三章 小调和声,3-2 和声分析与小调进行,五线谱的和声分析,
图,,E:\Documents\DeepSeeK\harmony-trainer\images\1145990847_figure_largeshow.jpg,第六章 排列与连接,6-1 谐音列与音程,欣德米特的音序理论,图6.8 以C为中心的协和与不协和音
谱例,9.71,E:\Documents\DeepSeeK\harmony-trainer\images\1146199088_figure_largeshow.jpg,第九章 音乐的结构,9-6 和弦的伴奏音型,柱式和弦,
谱例,9.75,E:\Documents\DeepSeeK\harmony-trainer\images\1146199142_figure_largeshow.jpg,第九章 音乐的结构,9-6 和弦的伴奏音型,半分解和弦,
谱例,9.80,E:\Documents\DeepSeeK\harmony-trainer\images\1146199202_figure_largeshow.jpg,第九章 音乐的结构,9-6 和弦的伴奏音型,分解和弦,
谱例,9.85,E:\Documents\DeepSeeK\harmony-trainer\images\1146199756_figure_largeshow.jpg,第九章 音乐的结构,9-6 和弦的伴奏音型,分解和弦,
谱例,9.86,E:\Documents\DeepSeeK\harmony-trainer\images\1146199981_figure_largeshow.jpg,第九章 音乐的结构,9-6 和弦的伴奏音型,分解和弦,
谱例,9.76,E:\Documents\DeepSeeK\harmony-trainer\images\1146200367_figure_largeshow.jpg,第九章 音乐的结构,9-6 和弦的伴奏音型,半分解和弦,
谱例,9.80,E:\Documents\DeepSeeK\harmony-trainer\images\1146202021_figure_largeshow.jpg,第九章 音乐的结构,9-6 和弦的伴奏音型,分解和弦,
图,,E:\Documents\DeepSeeK\harmony-trainer\images\1146211017_figure_largeshow.jpg,第九章 音乐的结构,9-6 和弦的伴奏音型,分解和弦,
图,,E:\Documents\DeepSeeK\harmony-trainer\images\1146485715_figure_largeshow.jpg,第九章 音乐的结构,9-4 旋律线的创作,副旋律的创作,图9.13 旋律间关系的调整方法
谱例,9.51,E:\Documents\DeepSeeK\harmony-trainer\images\1146486025_figure_largeshow.jpg,第九章 音乐的结构,9-5 从节拍到节奏型,其它拍子种类,
图,,E:\Documents\DeepSeeK\harmony-trainer\images\1146680265_figure_largeshow.jpg,第八章 和弦变换,8-2 三和弦的变换（下）,和弦空间,图8.26 音高螺旋（左上）、彭罗斯阶梯（右上）与Elaine Chow的螺旋序列模型（下）
谱例,6.42,E:\Documents\DeepSeeK\harmony-trainer\images\1147502905_figure_large.jpg,第六章 排列与连接,6-4 和弦转位,同和弦转换,
谱例,6.1,E:\Documents\DeepSeeK\harmony-trainer\images\1147530563_figure_large.jpg,第六章 排列与连接,6-4 和弦转位,爵士和声的声部连接,
图,,E:\Documents\DeepSeeK\harmony-trainer\images\1172627180_figure_largeshow.jpg,第六章 排列与连接,6-4 和弦转位,特殊和弦的转位,图6.19 增三、减七和弦的转位
图,,E:\Documents\DeepSeeK\harmony-trainer\images\1175130182_figure_largeshow.jpg,第六章 排列与连接,6-4 和弦转位,特殊和弦的转位,图6.19 G9的原位与所谓“转位”
图,,E:\Documents\DeepSeeK\harmony-trainer\images\1177610520_figure_large.jpg,第一章 循环与网格图,1-1 音的循环,半音阶循环,图1.2 十二平均律下各音的频率比
图,,E:\Documents\DeepSeeK\harmony-trainer\images\1177610631_figure_largeshow.jpg,第一章 循环与网格图,1-1 音的循环,半音阶循环,图1.3 半音阶循环
图,,E:\Documents\DeepSeeK\harmony-trainer\images\1177610720_figure_largeshow.jpg,第一章 循环与网格图,1-1 音的循环,音程,图1.6 八度内的音程对照表
图,,E:\Documents\DeepSeeK\harmony-trainer\images\1177933008_figure_large.jpg,第一章 循环与网格图,1-1 音的循环,半音阶循环,图1.5 钢琴键盘、五线谱（左边）与吉他指板的音名
谱例,8.21,E:\Documents\DeepSeeK\harmony-trainer\images\1177973987_figure_large.jpg,第八章 和弦变换,8-2 三和弦的变换（下）,增三和弦的游移,
图,,E:\Documents\DeepSeeK\harmony-trainer\images\1177974296_figure_large.jpg,第八章 和弦变换,8-2 三和弦的变换（下）,增三和弦的游移,图8.19 增三和弦与大、小三和弦的关系
谱例,8.19,E:\Documents\DeepSeeK\harmony-trainer\images\1187611636_figure_largeshow.jpg,第八章 和弦变换,8-2 三和弦的变换（下）,半音滑动,
谱例,6.2,E:\Documents\DeepSeeK\harmony-trainer\images\1189244033_figure_largeshow.jpg,第六章 排列与连接,6-1 谐音列与音程,谐音列与音程,
谱例,2.3,E:\Documents\DeepSeeK\harmony-trainer\images\1189397998_figure_large.jpg,第九章 音乐的结构,9-4 旋律线的创作,2. 旋律运动,
谱例,9.35,E:\Documents\DeepSeeK\harmony-trainer\images\1189398149_figure_largeshow.jpg,第九章 音乐的结构,9-4 旋律线的创作,2. 旋律运动,
图,,E:\Documents\DeepSeeK\harmony-trainer\images\1198137368_figure_large.jpg,第一章 循环与网格图,1-1 音的循环,音程,图1.8 大三度+小三度=纯五度
图,,E:\Documents\DeepSeeK\harmony-trainer\images\1198137429_figure_largeshow.jpg,第四章 副调和弦,4-1 副调和弦,大调的其他副调,图4.8 C大调及其下中音调a小调
图,,E:\Documents\DeepSeeK\harmony-trainer\images\1198157389_figure_large.jpg,第十章 基础篇总结,10-1 基础和声总结,和声的发展历史,图10.8 不同时期作品和声进行的弦图
图,,E:\Documents\DeepSeeK\harmony-trainer\images\1198164676_figure_large.jpg,第四章 副调和弦,4-1 副调和弦,小调的副调和弦,图4.13 Stephen Mugglin总结的大小调和弦进行
图,,E:\Documents\DeepSeeK\harmony-trainer\images\1198165137_figure_largeshow.jpg,第四章 副调和弦,4-1 副调和弦,大调的下属调,图4.7 C大调的重下属和声组
谱例,7.56,E:\Documents\DeepSeeK\harmony-trainer\images\1198214325_figure_largeshow.jpg,第七章 和弦外音,7-5 非三度和声,四度与五度和声,
谱例,7.57,E:\Documents\DeepSeeK\harmony-trainer\images\1198214449_figure_largeshow.jpg,第七章 和弦外音,7-5 非三度和声,四度与五度和声,
谱例,7.63,E:\Documents\DeepSeeK\harmony-trainer\images\1198452491_figure_large.jpg,第七章 和弦外音,7-5 非三度和声,二度和声与音簇,
图,,E:\Documents\DeepSeeK\harmony-trainer\images\1198452591_figure_largeshow.jpg,第七章 和弦外音,7-5 非三度和声,四度与五度和声,图7.15 CΔ和弦改造为四度、五度排列
谱例,7.62,E:\Documents\DeepSeeK\harmony-trainer\images\1199580259_figure_largeshow.jpg,第七章 和弦外音,7-5 非三度和声,二度和声与音簇,
谱例,9.39,E:\Documents\DeepSeeK\harmony-trainer\images\1203845708_figure_largeshow.jpg,第九章 音乐的结构,9-4 旋律线的创作,从和声出发的创作,
谱例,9.40,E:\Documents\DeepSeeK\harmony-trainer\images\1203845863_figure_largeshow.jpg,第九章 音乐的结构,9-4 旋律线的创作,从和声出发的创作,
图,,E:\Documents\DeepSeeK\harmony-trainer\images\1203845940_figure_largeshow.jpg,第九章 音乐的结构,9-4 旋律线的创作,副旋律的创作,
图,,E:\Documents\DeepSeeK\harmony-trainer\images\1203846079_figure_largeshow.jpg,第九章 音乐的结构,9-4 旋律线的创作,副旋律的创作,
谱例,7.13,E:\Documents\DeepSeeK\harmony-trainer\images\1203867567_figure_largeshow.jpg,第七章 和弦外音,7-2 经过、辅助与倚音和弦,经过和弦,
图,,E:\Documents\DeepSeeK\harmony-trainer\images\1207749601_figure_largeshow.jpg,第三章 小调和声,3-4 小调的借用和弦,小调向大调的借用,图3.24 a小调基准下借用A大调三和弦的级数
图,,E:\Documents\DeepSeeK\harmony-trainer\images\1207750417_figure_largeshow.jpg,第三章 小调和声,3-4 小调的借用和弦,交替大小调体系,图3.29 C交替大小调的功能组
图,,E:\Documents\DeepSeeK\harmony-trainer\images\1207763587_figure_largeshow.jpg,第三章 小调和声,3-4 小调的借用和弦,关系调与同名调的循环,图3.30 从C大调出发的一系列关系调和同名调
谱例,8.16,E:\Documents\DeepSeeK\harmony-trainer\images\1208262999_figure_largeshow.jpg,第八章 和弦变换,8-1 三和弦的变换（上）,小三度循环与巴托克轴心,
谱例,9.109,E:\Documents\DeepSeeK\harmony-trainer\images\1209685069_figure_largeshow.jpg,第九章 音乐的结构,9-7 曲式简介,三部曲式,
图,,E:\Documents\DeepSeeK\harmony-trainer\images\1209694414_figure_largeshow.jpg,第五章 变化与延伸,5-4 高叠和弦及其变音,七和弦的延伸,图5.40 C大调属七和弦的延伸
图,,E:\Documents\DeepSeeK\harmony-trainer\images\1209694527_figure_largeshow.jpg,第五章 变化与延伸,5-4 高叠和弦及其变音,七和弦的延伸,图5.41 首调观点下G13和弦的结构
图,,E:\Documents\DeepSeeK\harmony-trainer\images\1209694676_figure_largeshow.jpg,第五章 变化与延伸,5-4 高叠和弦及其变音,七和弦的延伸,图5.42 Dm13与CΔ13的结构
图,,E:\Documents\DeepSeeK\harmony-trainer\images\1209694877_figure_largeshow.jpg,第五章 变化与延伸,5-5 爵士理论入门,高叠和弦的更多理解,图5.52 高叠和弦的更多理解
谱例,5.35,E:\Documents\DeepSeeK\harmony-trainer\images\1210332911_figure_largeshow.jpg,第五章 变化与延伸,5-5 爵士理论入门,高叠和弦的更多理解,
谱例,6.37,E:\Documents\DeepSeeK\harmony-trainer\images\1211856281_figure_largeshow.jpg,第六章 排列与连接,6-4 和弦转位,转位与声部连接,
谱例,7.30,E:\Documents\DeepSeeK\harmony-trainer\images\1213200653_figure_largeshow.jpg,第七章 和弦外音,7-3 趋近和弦,连续趋近,
谱例,6.20,E:\Documents\DeepSeeK\harmony-trainer\images\1215695675_figure_largeshow.jpg,第六章 排列与连接,6-3 声部连接,倾向音的处理,
谱例,6.33,E:\Documents\DeepSeeK\harmony-trainer\images\1215962922_figure_largeshow.jpg,第六章 排列与连接,6-4 和弦转位,转位与声部连接,
谱例,6.34,E:\Documents\DeepSeeK\harmony-trainer\images\1215965143_figure_largeshow.jpg,第六章 排列与连接,6-4 和弦转位,转位与声部连接,
谱例,6.31,E:\Documents\DeepSeeK\harmony-trainer\images\1215968575_figure_largeshow.jpg,第六章 排列与连接,6-4 和弦转位,转位与声部连接,
图,,E:\Documents\DeepSeeK\harmony-trainer\images\1217572457_figure_largeshow.jpg,第五章 变化与延伸,5-4 高叠和弦及其变音,高叠和弦的变化音,图5.44 c小调5级、2级上的高叠和弦
图,,E:\Documents\DeepSeeK\harmony-trainer\images\1217572537_figure_largeshow.jpg,第六章 排列与连接,6-3 声部连接,和声进行的综合规划,图6.16 和声的纵横关系网
谱例,10.2,E:\Documents\DeepSeeK\harmony-trainer\images\1217589381_figure_largeshow.jpg,第十章 基础篇总结,10-1 基础和声总结,和弦重配,
谱例,9.105,E:\Documents\DeepSeeK\harmony-trainer\images\1221523904_figure_largeshow.jpg,第九章 音乐的结构,9-7 曲式简介,四个乐句的各种结构,
图,,E:\Documents\DeepSeeK\harmony-trainer\images\1223995151_figure_largeshow.jpg,附录,附录三 图上的音程与连接法,自测题一,
图,,E:\Documents\DeepSeeK\harmony-trainer\images\1223995298_figure_largeshow.jpg,附录,附录三 图上的音程与连接法,自测题一,
图,,E:\Documents\DeepSeeK\harmony-trainer\images\1223995335_figure_largeshow.jpg,附录,附录三 图上的音程与连接法,自测题一,
图,,E:\Documents\DeepSeeK\harmony-trainer\images\1223995536_figure_large.jpg,附录,附录三 图上的音程与连接法,自测题一,
图,,E:\Documents\DeepSeeK\harmony-trainer\images\1223995757_figure_large.jpg,附录,附录三 图上的音程与连接法,自测题一,
图,,E:\Documents\DeepSeeK\harmony-trainer\images\1223995812_figure_largeshow.jpg,附录,附录三 图上的音程与连接法,自测题一,
图,,E:\Documents\DeepSeeK\harmony-trainer\images\1223995932_figure_large.jpg,附录,附录三 图上的音程与连接法,自测题一,
图,,E:\Documents\DeepSeeK\harmony-trainer\images\1223996002_figure_largeshow.jpg,附录,附录三 图上的音程与连接法,自测题一,
图,,E:\Documents\DeepSeeK\harmony-trainer\images\1223996143_figure_largeshow.jpg,附录,附录三 图上的音程与连接法,自测题一,
图,,E:\Documents\DeepSeeK\harmony-trainer\images\1223996201_figure_largeshow.jpg,附录,附录三 图上的音程与连接法,自测题一,
图,,E:\Documents\DeepSeeK\harmony-trainer\images\1226717064_figure_largeshow.jpg,附录,附录三 图上的音程与连接法,自测题一,
图,,E:\Documents\DeepSeeK\harmony-trainer\images\1226717140_figure_largeshow.jpg,附录,附录三 图上的音程与连接法,自测题二,
图,,E:\Documents\DeepSeeK\harmony-trainer\images\1226717217_figure_largeshow.jpg,附录,附录三 图上的音程与连接法,自测题二,
图,,E:\Documents\DeepSeeK\harmony-trainer\images\1226717330_figure_largeshow.jpg,附录,附录三 图上的音程与连接法,自测题二,
图,,E:\Documents\DeepSeeK\harmony-trainer\images\1226717468_figure_largeshow.jpg,附录,附录三 图上的音程与连接法,自测题二,
图,,E:\Documents\DeepSeeK\harmony-trainer\images\1226717586_figure_largeshow.jpg,附录,附录三 图上的音程与连接法,自测题二,
图,,E:\Documents\DeepSeeK\harmony-trainer\images\1226717645_figure_largeshow.jpg,附录,附录三 图上的音程与连接法,自测题二,
图,,E:\Documents\DeepSeeK\harmony-trainer\images\1226717919_figure_largeshow.jpg,附录,附录三 图上的音程与连接法,自测题二,
图,,E:\Documents\DeepSeeK\harmony-trainer\images\1226718377_figure_largeshow.jpg,附录,附录三 图上的音程与连接法,自测题二,
图,,E:\Documents\DeepSeeK\harmony-trainer\images\1227009966_figure_largeshow.jpg,附录,附录三 图上的音程与连接法,自测题二,
图,,E:\Documents\DeepSeeK\harmony-trainer\images\1227010038_figure_largeshow.jpg,附录,附录三 图上的音程与连接法,自测题二,
图,,E:\Documents\DeepSeeK\harmony-trainer\images\1227390668_figure_largeshow.jpg,第四章 副调和弦,4-1 副调和弦,小调的副调和弦,图4.11 a小调及其大属调E大调
图,,E:\Documents\DeepSeeK\harmony-trainer\images\1229246800_figure_largeshow.jpg,附录,附录三 图上的音程与连接法,自测题二,
图,,E:\Documents\DeepSeeK\harmony-trainer\images\1229620210_figure_large.jpg,附录,附录三 图上的音程与连接法,自测题四,
图,,E:\Documents\DeepSeeK\harmony-trainer\images\1229620343_figure_large.jpg,附录,附录三 图上的音程与连接法,自测题四,
图,,E:\Documents\DeepSeeK\harmony-trainer\images\1231747247_figure_largeshow.jpg,第六章 排列与连接,6-1 谐音列与音程,欣德米特的音序理论,图6.10 欣德米特手稿中对音程和声性（谱表上方）与旋律性（谱表下方）的图示
谱例,4.1,E:\Documents\DeepSeeK\harmony-trainer\images\1235847150_figure_largeshow.jpg,第六章 排列与连接,6-1 谐音列与音程,6-1 谐音列与音程,
谱例,7.31,E:\Documents\DeepSeeK\harmony-trainer\images\1235847260_figure_largeshow.jpg,第七章 和弦外音,7-3 趋近和弦,线性和声,
谱例,7.31,E:\Documents\DeepSeeK\harmony-trainer\images\1235847314_figure_largeshow.jpg,第九章 音乐的结构,9-5 从节拍到节奏型,爵士的律动,
图,,E:\Documents\DeepSeeK\harmony-trainer\images\1236145920_figure_largeshow.jpg,附录,附录三 图上的音程与连接法,自测题二,
图,,E:\Documents\DeepSeeK\harmony-trainer\images\1236195119_figure_largeshow.jpg,第五章 变化与延伸,5-3 增六和弦,全功能理论,图5.39 勋伯格理论中的大调领域
谱例,8.47,E:\Documents\DeepSeeK\harmony-trainer\images\1236271493_figure_largeshow.jpg,第八章 和弦变换,8-4 平移与倒影,终止式的发展,
图,,E:\Documents\DeepSeeK\harmony-trainer\images\1236271631_figure_largeshow.jpg,第八章 和弦变换,8-4 平移与倒影,终止式的发展,
谱例,8.51,E:\Documents\DeepSeeK\harmony-trainer\images\1236271792_figure_largeshow.jpg,第八章 和弦变换,8-4 平移与倒影,终止式的发展,
谱例,8.50,E:\Documents\DeepSeeK\harmony-trainer\images\1236272565_figure_largeshow.jpg,第八章 和弦变换,8-4 平移与倒影,终止式的发展,
谱例,8.55,E:\Documents\DeepSeeK\harmony-trainer\images\1236272792_figure_largeshow.jpg,第八章 和弦变换,8-4 平移与倒影,终止式的发展,
图,,E:\Documents\DeepSeeK\harmony-trainer\images\1236285158_figure_largeshow.jpg,第七章 和弦外音,7-2 经过、辅助与倚音和弦,第四种和声变化,图7.2 在进行中产生的和弦
图,,E:\Documents\DeepSeeK\harmony-trainer\images\1236285211_figure_largeshow.jpg,第七章 和弦外音,7-1 和弦外音,和弦外音小结,图7.1 和弦外音的图示
图,,E:\Documents\DeepSeeK\harmony-trainer\images\1236307570_figure_largeshow.jpg,第七章 和弦外音,7-3 趋近和弦,五度趋近,图7.4 C的五度趋近
图,,E:\Documents\DeepSeeK\harmony-trainer\images\1236307943_figure_largeshow.jpg,第七章 和弦外音,7-3 趋近和弦,连续趋近,图7.9 C的二重趋近
图,,E:\Documents\DeepSeeK\harmony-trainer\images\1236308349_figure_largeshow.jpg,第七章 和弦外音,7-3 趋近和弦,二度趋近,图7.5 C的二度趋近
图,,E:\Documents\DeepSeeK\harmony-trainer\images\1236308410_figure_largeshow.jpg,第七章 和弦外音,7-3 趋近和弦,共同音趋近,图7.6 C的共同音趋近
图,,E:\Documents\DeepSeeK\harmony-trainer\images\1236308562_figure_largeshow.jpg,第七章 和弦外音,7-3 趋近和弦,趋近和弦小结,图7.7 C的趋近和弦十字图
谱例,7.41,E:\Documents\DeepSeeK\harmony-trainer\images\1236308614_figure_large.jpg,第七章 和弦外音,7-4 平行与反向和声,非功能和声,图7.13 G7的功能和声（左）与非功能和声（右）
图,,E:\Documents\DeepSeeK\harmony-trainer\images\1236308885_figure_largeshow.jpg,附录,附录一 附图,2. 音程对照表,
谱例,4.1,E:\Documents\DeepSeeK\harmony-trainer\images\1236436992_figure_largeshow.jpg,第四章 副调和弦,4-1 副调和弦,大调的属调,
谱例,8.15,E:\Documents\DeepSeeK\harmony-trainer\images\1236860728_figure_largeshow.jpg,第八章 和弦变换,8-1 三和弦的变换（上）,小三度循环与巴托克轴心,
图,,E:\Documents\DeepSeeK\harmony-trainer\images\1237758735_figure_largeshow.jpg,第三章 小调和声,3-1 小调的三种类型,和声小调及其和弦,图3.9 a和声小调的七和弦
谱例,9.104,E:\Documents\DeepSeeK\harmony-trainer\images\1238137455_figure_largeshow.jpg,第九章 音乐的结构,9-7 曲式简介,12小节布鲁斯,
图,,E:\Documents\DeepSeeK\harmony-trainer\images\1238768617_figure_largeshow.jpg,第五章 变化与延伸,5-4 高叠和弦及其变音,高叠和弦的变化音,图5.43 G13的变化音
谱例,8.8,E:\Documents\DeepSeeK\harmony-trainer\images\1241117491_figure_largeshow.jpg,第八章 和弦变换,8-1 三和弦的变换（上）,中音关系,
图,,E:\Documents\DeepSeeK\harmony-trainer\images\1242286127_figure_largeshow.jpg,第五章 变化与延伸,5-3 增六和弦,三种增六和弦,图5.26 C大调与c小调的三种增六和弦
谱例,8.37,E:\Documents\DeepSeeK\harmony-trainer\images\1242755369_figure_largeshow.jpg,第八章 和弦变换,8-4 平移与倒影,对称变换,
图,,E:\Documents\DeepSeeK\harmony-trainer\images\1242910525_figure_largeshow.jpg,第七章 和弦外音,7-3 趋近和弦,趋近和弦小结,图7.8 以C为中心时各音的功能
谱例,3.4,E:\Documents\DeepSeeK\harmony-trainer\images\1245436428_figure_large.jpg,第三章 小调和声,3-2 和声分析与小调进行,小调和声的特点,
图,,E:\Documents\DeepSeeK\harmony-trainer\images\1245802628_figure_large.jpg,第一章 循环与网格图,1-1 音的循环,音程,图1.9 小七度+大三度=大九度
图,,E:\Documents\DeepSeeK\harmony-trainer\images\1246399558_figure_large.jpg,附录,附录三 图上的音程与连接法,自测题二,
图,,E:\Documents\DeepSeeK\harmony-trainer\images\1246979302_figure_largeshow.jpg,第三章 小调和声,3-1 小调的三种类型,和声小调及其和弦,图3.8 和声小调三和弦音级与功能组
谱例,9.62,E:\Documents\DeepSeeK\harmony-trainer\images\1252888020_figure_largeshow.jpg,第九章 音乐的结构,9-5 从节拍到节奏型,爵士的律动,
谱例,6.16,E:\Documents\DeepSeeK\harmony-trainer\images\1253501157_figure_largeshow.jpg,第六章 排列与连接,6-3 声部连接,旋律运动与声部分工,
图,,E:\Documents\DeepSeeK\harmony-trainer\images\1255376129_figure_largeshow.jpg,第六章 排列与连接,6-1 谐音列与音程,泛音与谐音列,图6.1 弦的振动模式与古琴徽位
图,,E:\Documents\DeepSeeK\harmony-trainer\images\1255798259_figure_largeshow.jpg,第十章 基础篇总结,10-2 结语,音乐是什么,图10.9 多伦多音乐公园的现场表演
谱例,4.7,E:\Documents\DeepSeeK\harmony-trainer\images\1257715453_figure_largeshow.jpg,第四章 副调和弦,4-2 综合谱例与小结,小调曲例,
谱例,6.40,E:\Documents\DeepSeeK\harmony-trainer\images\1257720508_figure_largeshow.jpg,第六章 排列与连接,6-4 和弦转位,小调的弗里几亚进行,
图,,E:\Documents\DeepSeeK\harmony-trainer\images\1258699437_figure_large.jpg,第三章 小调和声,3-4 小调的借用和弦,混乱的小调记法,图3.33 d自然小调几种方案的连线
图,,E:\Documents\DeepSeeK\harmony-trainer\images\1259063482_figure_largeshow.jpg,附录,附录三 图上的音程与连接法,自测题二,
图,,E:\Documents\DeepSeeK\harmony-trainer\images\1259063626_figure_largeshow.jpg,附录,附录三 图上的音程与连接法,自测题二,
图,,E:\Documents\DeepSeeK\harmony-trainer\images\1259063983_figure_largeshow.jpg,附录,附录三 图上的音程与连接法,自测题一,
图,,E:\Documents\DeepSeeK\harmony-trainer\images\1259506735_figure_largeshow.jpg,附录,附录三 图上的音程与连接法,自测题四,
图,,E:\Documents\DeepSeeK\harmony-trainer\images\1259507061_figure_largeshow.jpg,附录,附录三 图上的音程与连接法,自测题四,
图,,E:\Documents\DeepSeeK\harmony-trainer\images\1260285928_figure_largeshow.jpg,附录,附录三 图上的音程与连接法,自测题二,
谱例,7.53,E:\Documents\DeepSeeK\harmony-trainer\images\1260888507_figure_largeshow.jpg,第七章 和弦外音,7-5 非三度和声,附加音和弦,
谱例,6.38,E:\Documents\DeepSeeK\harmony-trainer\images\1260920884_figure_largeshow.jpg,第六章 排列与连接,6-4 和弦转位,转位与声部连接,
谱例,6.39,E:\Documents\DeepSeeK\harmony-trainer\images\1260920962_figure_largeshow.jpg,第六章 排列与连接,6-4 和弦转位,转位与声部连接,
谱例,8.18,E:\Documents\DeepSeeK\harmony-trainer\images\1260921142_figure_largeshow.jpg,第八章 和弦变换,8-2 三和弦的变换（下）,半音滑动,
谱例,8.22,E:\Documents\DeepSeeK\harmony-trainer\images\1260921263_figure_largeshow.jpg,第八章 和弦变换,8-3 七和弦的变换,同族七和弦,
图,,E:\Documents\DeepSeeK\harmony-trainer\images\1263598673_figure_large.jpg,第一章 循环与网格图,1-1 音的循环,更多的循环,图1.19 半音阶与五度圈循环的关系
图,,E:\Documents\DeepSeeK\harmony-trainer\images\1264307846_figure_largeshow.jpg,附录,附录二 音与音名,音高与音名系统,图II.12 Railsback曲线
图,,E:\Documents\DeepSeeK\harmony-trainer\images\1264918875_figure_largeshow.jpg,第七章 和弦外音,7-5 非三度和声,挂留和弦,
谱例,7.52,E:\Documents\DeepSeeK\harmony-trainer\images\1265022073_figure_largeshow.jpg,第七章 和弦外音,7-5 非三度和声,挂留和弦,
谱例,8.24,E:\Documents\DeepSeeK\harmony-trainer\images\1265409182_figure_largeshow.jpg,第八章 和弦变换,8-3 七和弦的变换,属七和弦的游移,
谱例,5.11,E:\Documents\DeepSeeK\harmony-trainer\images\1265647441_figure_largeshow.jpg,第五章 变化与延伸,5-2 拿坡里和弦,拿坡里和弦,
谱例,5.23,E:\Documents\DeepSeeK\harmony-trainer\images\1265648421_figure_largeshow.jpg,第五章 变化与延伸,5-3 增六和弦,增六和弦的实例,
谱例,5.22,E:\Documents\DeepSeeK\harmony-trainer\images\1265648506_figure_largeshow.jpg,第五章 变化与延伸,5-3 增六和弦,增六和弦的实例,
图,,E:\Documents\DeepSeeK\harmony-trainer\images\1266058506_figure_large.jpg,第九章 音乐的结构,9-7 曲式简介,奏鸣曲式,
谱例,9.42,E:\Documents\DeepSeeK\harmony-trainer\images\1266148800_figure_largeshow.jpg,第九章 音乐的结构,9-4 旋律线的创作,低音的旋律化,
图,,E:\Documents\DeepSeeK\harmony-trainer\images\1267960239_figure_large.jpg,附录,附录一 附图,11. 自然大小调的调号与音,
图,,E:\Documents\DeepSeeK\harmony-trainer\images\1268667745_figure_largeshow.jpg,第一章 循环与网格图,1-2 三和弦的网格,三和弦的网格图,图1.27 网格图三个轴上的循环
谱例,9.92,E:\Documents\DeepSeeK\harmony-trainer\images\1268753048_figure_largeshow.jpg,第九章 音乐的结构,9-6 和弦的伴奏音型,3. 快速交替,
图,,E:\Documents\DeepSeeK\harmony-trainer\images\1269000888_figure_largeshow.jpg,第一章 循环与网格图,1-2 三和弦的网格,三和弦的网格图,图1.30 网格图上的全音阶、半音阶与三全音
图,,E:\Documents\DeepSeeK\harmony-trainer\images\1270539746_figure_largeshow.jpg,第一章 循环与网格图,1-2 三和弦的网格,三和弦的网格图,图1.29 网格图上的三种密铺单元
图,,E:\Documents\DeepSeeK\harmony-trainer\images\1272441049_figure_large.jpg,第二章 大调和声,2-2 大调的正三和弦,2-2 大调的正三和弦,图2.12 C大调七个三和弦的地位
图,,E:\Documents\DeepSeeK\harmony-trainer\images\1272441147_figure_large.jpg,第二章 大调和声,2-3 副三和弦与和声套路,2-3 副三和弦与和声套路,图2.12 C大调七个三和弦的地位
谱例,9.54,E:\Documents\DeepSeeK\harmony-trainer\images\1278908098_figure_largeshow.jpg,第九章 音乐的结构,9-5 从节拍到节奏型,切分与弱起,
谱例,9.56,E:\Documents\DeepSeeK\harmony-trainer\images\1278908117_figure_largeshow.jpg,第九章 音乐的结构,9-5 从节拍到节奏型,切分与弱起,
谱例,9.59,E:\Documents\DeepSeeK\harmony-trainer\images\1278908386_figure_largeshow.jpg,第九章 音乐的结构,9-5 从节拍到节奏型,切分与弱起,
谱例,3.7,E:\Documents\DeepSeeK\harmony-trainer\images\1294001223_figure_largeshow.jpg,第三章 小调和声,3-3 大调的借用和弦,同名主和弦的切换,
谱例,8.53,E:\Documents\DeepSeeK\harmony-trainer\images\1322196032_figure_largeshow.jpg,第八章 和弦变换,8-4 平移与倒影,终止式的发展,
谱例,6.27,E:\Documents\DeepSeeK\harmony-trainer\images\1330320720_figure_largeshow.jpg,第六章 排列与连接,6-4 和弦转位,终止四六和弦,
谱例,6.29,E:\Documents\DeepSeeK\harmony-trainer\images\1330320906_figure_largeshow.jpg,第六章 排列与连接,6-4 和弦转位,终止四六和弦,
图,,E:\Documents\DeepSeeK\harmony-trainer\images\1332089020_figure_large.jpg,第五章 变化与延伸,5-5 爵士理论入门,和弦—音阶理论,图5.48 C大调音阶上的七个调式与各自的十三和弦
谱例,6.8,E:\Documents\DeepSeeK\harmony-trainer\images\1333269950_figure_large.jpg,第六章 排列与连接,6-2 音的排列,距离产生美,
谱例,6.29,E:\Documents\DeepSeeK\harmony-trainer\images\1333270135_figure_largeshow.jpg,第九章 音乐的结构,9-4 旋律线的创作,副旋律的创作,
图,,E:\Documents\DeepSeeK\harmony-trainer\images\1333271544_figure_largeshow.jpg,第三章 小调和声,3-1 小调的三种类型,旋律小调与爵士小调,图3.12 a自然小调与a爵士（旋律）小调
图,,E:\Documents\DeepSeeK\harmony-trainer\images\1333271656_figure_largeshow.jpg,第三章 小调和声,3-2 和声分析与小调进行,五线谱的和声分析,图3.14 g小调的三和弦
图,,E:\Documents\DeepSeeK\harmony-trainer\images\1333271781_figure_largeshow.jpg,第三章 小调和声,3-2 和声分析与小调进行,小调和声的特点,图3.15 小调和声综合的功能组
图,,E:\Documents\DeepSeeK\harmony-trainer\images\1333271919_figure_largeshow.jpg,第三章 小调和声,3-2 和声分析与小调进行,小调和声的特点,图3.17 大调与三种关系小调的融合
图,,E:\Documents\DeepSeeK\harmony-trainer\images\1333272052_figure_largeshow.jpg,第三章 小调和声,3-3 大调的借用和弦,同主音调,图3.18 C大调与c小调的关系
图,,E:\Documents\DeepSeeK\harmony-trainer\images\1333272438_figure_largeshow.jpg,第三章 小调和声,3-3 大调的借用和弦,副三和弦的借用,图3.22 C大调与c自然小调的副三和弦
图,,E:\Documents\DeepSeeK\harmony-trainer\images\1333272596_figure_largeshow.jpg,第三章 小调和声,3-4 小调的借用和弦,小调向大调的借用,图3.23 a小调与A大调的关系
图,,E:\Documents\DeepSeeK\harmony-trainer\images\1333282086_figure_largeshow.jpg,第四章 副调和弦,4-1 副调和弦,大调的属调,图4.4 离调进行的几种标记方式
图,,E:\Documents\DeepSeeK\harmony-trainer\images\1333284771_figure_largeshow.jpg,附录,附录三 图上的音程与连接法,自测题一,
图,,E:\Documents\DeepSeeK\harmony-trainer\images\1334275110_figure_large.jpg,第五章 变化与延伸,5-5 爵士理论入门,兼容原则,图5.49 G7与音阶的搭配示例
谱例,6.43,E:\Documents\DeepSeeK\harmony-trainer\images\1335866890_figure_large.jpg,第六章 排列与连接,6-4 和弦转位,爵士和声的声部连接,
图,,E:\Documents\DeepSeeK\harmony-trainer\images\1338147814_figure_largeshow.jpg,第四章 副调和弦,4-1 副调和弦,五度圈进行,图4.3 属七和弦的连锁进行
图,,E:\Documents\DeepSeeK\harmony-trainer\images\1339024473_figure_largeshow.jpg,第五章 变化与延伸,5-2 拿坡里和弦,拿坡里和弦,图5.18 拿坡里和弦的离调
谱例,7.1,E:\Documents\DeepSeeK\harmony-trainer\images\1340276265_figure_large.jpg,第七章 和弦外音,7-1 和弦外音,经过音和辅助音,
谱例,7.2,E:\Documents\DeepSeeK\harmony-trainer\images\1340290065_figure_large.jpg,第七章 和弦外音,7-1 和弦外音,经过音和辅助音,
图,,E:\Documents\DeepSeeK\harmony-trainer\images\1341069320_figure_largeshow.jpg,第五章 变化与延伸,5-2 拿坡里和弦,功能组的渗透,图5.22 NΔ与V7♭5的共同音
图,,E:\Documents\DeepSeeK\harmony-trainer\images\1341069491_figure_largeshow.jpg,第五章 变化与延伸,5-2 拿坡里和弦,功能组的渗透,图5.23 vii°7♭3、vii°7♯3的多重理解
图,,E:\Documents\DeepSeeK\harmony-trainer\images\1341069502_figure_largeshow.jpg,第五章 变化与延伸,5-2 拿坡里和弦,功能组的渗透,图5.24 ii7与viiø、ii7♯1与viiø♯3的关系
图,,E:\Documents\DeepSeeK\harmony-trainer\images\1342064084_figure_largeshow.jpg,第六章 排列与连接,6-1 谐音列与音程,欣德米特的音序理论,图6.9 以C为基准的协和度“太极”图
图,,E:\Documents\DeepSeeK\harmony-trainer\images\1342064192_figure_large.jpg,附录,附录一 附图,10. 音程协和度与趋近十字图,
谱例,6.24,E:\Documents\DeepSeeK\harmony-trainer\images\1342288686_figure_large.jpg,第六章 排列与连接,6-3 声部连接,和声进行的综合规划,
谱例,6.17,E:\Documents\DeepSeeK\harmony-trainer\images\1342288859_figure_large.jpg,第六章 排列与连接,6-3 声部连接,对位运动,
谱例,6.23,E:\Documents\DeepSeeK\harmony-trainer\images\1343452773_figure_large.jpg,第六章 排列与连接,6-3 声部连接,音程的解决,
图,,E:\Documents\DeepSeeK\harmony-trainer\images\1344502958_figure_largeshow.jpg,第十章 基础篇总结,10-1 基础和声总结,和声的发展历史,图10.6 和声与西方音乐的发展略图
谱例,7.59,E:\Documents\DeepSeeK\harmony-trainer\images\1345829797_figure_large.jpg,第七章 和弦外音,7-5 非三度和声,四度与五度和声,
谱例,7.60,E:\Documents\DeepSeeK\harmony-trainer\images\1345829885_figure_large.jpg,第七章 和弦外音,7-5 非三度和声,四度与五度和声,
谱例,8.48,E:\Documents\DeepSeeK\harmony-trainer\images\1346793981_figure_large.jpg,第八章 和弦变换,8-4 平移与倒影,终止式的发展,
谱例,8.39,E:\Documents\DeepSeeK\harmony-trainer\images\1346794617_figure_large.jpg,第八章 和弦变换,8-4 平移与倒影,负和声,
谱例,2.1,E:\Documents\DeepSeeK\harmony-trainer\images\1346799878_figure_largeshow.jpg,第十章 基础篇总结,10-1 基础和声总结,和弦重配,图10.3 旋律音与所有十二个音上和弦的配合练习
谱例,5.24,E:\Documents\DeepSeeK\harmony-trainer\images\1350277089_figure_large.jpg,第五章 变化与延伸,5-3 增六和弦,增六和弦的实例,
图,,E:\Documents\DeepSeeK\harmony-trainer\images\1351736484_figure_large.jpg,第五章 变化与延伸,5-4 高叠和弦及其变音,高叠和弦的变化音,图5.46 根音与上方音的配合列表
图,,E:\Documents\DeepSeeK\harmony-trainer\images\1351736545_figure_large.jpg,附录,附录一 附图,9. 根音上的各和弦音,
图,,E:\Documents\DeepSeeK\harmony-trainer\images\1352647705_figure_largeshow.jpg,第二章 大调和声,2-4 大调的七和弦,大七和弦,图2.28 CΔ和弦的结构
图,,E:\Documents\DeepSeeK\harmony-trainer\images\1352647953_figure_largeshow.jpg,第二章 大调和声,2-4 大调的七和弦,属七和弦,图2.30 G7和弦在C大调的位置与结构
图,,E:\Documents\DeepSeeK\harmony-trainer\images\1352653022_figure_largeshow.jpg,第五章 变化与延伸,5-3 增六和弦,全功能理论,图5.37 以C为主音的完全功能分布
图,,E:\Documents\DeepSeeK\harmony-trainer\images\1352653179_figure_large.jpg,附录,附录一 附图,7. 大小调功能体系,
谱例,9.12,E:\Documents\DeepSeeK\harmony-trainer\images\1355451993_figure_large.jpg,第九章 音乐的结构,9-2 卡农与赋格,主调与复调,
谱例,9.41,E:\Documents\DeepSeeK\harmony-trainer\images\1355452026_figure_largeshow.jpg,第九章 音乐的结构,9-4 旋律线的创作,从和声出发的创作,
谱例,9.12,E:\Documents\DeepSeeK\harmony-trainer\images\1355452594_figure_large.jpg,第九章 音乐的结构,9-6 和弦的伴奏音型,分解和弦,
图,,E:\Documents\DeepSeeK\harmony-trainer\images\1356239248_figure_largeshow.jpg,第五章 变化与延伸,5-4 高叠和弦及其变音,高叠和弦的变化音,图5.45 C根音上的和弦音总结
谱例,7.25,E:\Documents\DeepSeeK\harmony-trainer\images\1363610924_figure_large.jpg,第七章 和弦外音,7-3 趋近和弦,共同音趋近,
谱例,7.26,E:\Documents\DeepSeeK\harmony-trainer\images\1363611166_figure_large.jpg,第七章 和弦外音,7-3 趋近和弦,共同音趋近,
图,,E:\Documents\DeepSeeK\harmony-trainer\images\1365627017_figure_largeshow.jpg,第五章 变化与延伸,5-1 属变和弦与三全音替换,小调的属变和弦,图5.10 a小调E7下降五音
图,,E:\Documents\DeepSeeK\harmony-trainer\images\1365627271_figure_largeshow.jpg,第五章 变化与延伸,5-1 属变和弦与三全音替换,副属变和弦,图5.12 C大调重属变和弦
图,,E:\Documents\DeepSeeK\harmony-trainer\images\1365627369_figure_largeshow.jpg,第五章 变化与延伸,5-1 属变和弦与三全音替换,副属变和弦,图5.13 C大调的ii级副属变和弦
图,,E:\Documents\DeepSeeK\harmony-trainer\images\1365627983_figure_largeshow.jpg,第五章 变化与延伸,5-4 高叠和弦及其变音,避免音,图5.47 G13♯11和弦音的层次与三全音替换
谱例,5.28,E:\Documents\DeepSeeK\harmony-trainer\images\1365628085_figure_large.jpg,第五章 变化与延伸,5-4 高叠和弦及其变音,高叠和弦的变化音,
图,,E:\Documents\DeepSeeK\harmony-trainer\images\1366631879_figure_large.jpg,附录,附录三 图上的音程与连接法,自测题三,
图,,E:\Documents\DeepSeeK\harmony-trainer\images\1366632783_figure_largeshow.jpg,附录,附录三 图上的音程与连接法,自测题三,
图,,E:\Documents\DeepSeeK\harmony-trainer\images\1366650323_figure_large.jpg,附录,附录三 图上的音程与连接法,自测题三,
图,,E:\Documents\DeepSeeK\harmony-trainer\images\1366650402_figure_large.jpg,附录,附录三 图上的音程与连接法,自测题三,
图,,E:\Documents\DeepSeeK\harmony-trainer\images\1366650574_figure_large.jpg,附录,附录三 图上的音程与连接法,自测题三,
图,,E:\Documents\DeepSeeK\harmony-trainer\images\1366650656_figure_large.jpg,附录,附录三 图上的音程与连接法,自测题三,
图,,E:\Documents\DeepSeeK\harmony-trainer\images\1366651299_figure_large.jpg,附录,附录三 图上的音程与连接法,自测题三,
图,,E:\Documents\DeepSeeK\harmony-trainer\images\1367093349_figure_large.jpg,附录,附录三 图上的音程与连接法,自测题三,
图,,E:\Documents\DeepSeeK\harmony-trainer\images\1367162697_figure_largeshow.jpg,附录,附录三 图上的音程与连接法,自测题三,
图,,E:\Documents\DeepSeeK\harmony-trainer\images\1368894248_figure_large.jpg,第二章 大调和声,2-3 副三和弦与和声套路,循环进行,图2.27 C大调音级的五度、三度、二度循环
图,,E:\Documents\DeepSeeK\harmony-trainer\images\1368903962_figure_large.jpg,附录,附录三 图上的音程与连接法,自测题三,
谱例,5.33,E:\Documents\DeepSeeK\harmony-trainer\images\1369646343_figure_large.jpg,第五章 变化与延伸,5-5 爵士理论入门,爵士和声与古典和声的关系,
谱例,5.30,E:\Documents\DeepSeeK\harmony-trainer\images\1369646551_figure_large.jpg,第五章 变化与延伸,5-5 爵士理论入门,兼容原则,
谱例,5.31,E:\Documents\DeepSeeK\harmony-trainer\images\1369646679_figure_large.jpg,第五章 变化与延伸,5-5 爵士理论入门,兼容原则,
谱例,5.28,E:\Documents\DeepSeeK\harmony-trainer\images\1369650960_figure_large.jpg,第六章 排列与连接,6-4 和弦转位,爵士和声的声部连接,
图,,E:\Documents\DeepSeeK\harmony-trainer\images\1374814713_figure_largeshow.jpg,第五章 变化与延伸,5-3 增六和弦,全功能理论,图5.36 C大调、c小调功能组的五度序列
谱例,8.29,E:\Documents\DeepSeeK\harmony-trainer\images\1374819636_figure_large.jpg,第八章 和弦变换,8-3 七和弦的变换,案例：增六与“Blackadder”和弦,
图,,E:\Documents\DeepSeeK\harmony-trainer\images\1374819896_figure_large.jpg,第八章 和弦变换,8-3 七和弦的变换,案例：增六与“Blackadder”和弦,
图,,E:\Documents\DeepSeeK\harmony-trainer\images\1374822554_figure_large.jpg,第八章 和弦变换,8-3 七和弦的变换,案例：增六与“Blackadder”和弦,
图,,E:\Documents\DeepSeeK\harmony-trainer\images\1374825599_figure_largeshow.jpg,第八章 和弦变换,8-3 七和弦的变换,案例：增六与“Blackadder”和弦,图8.43 含小七度和弦作为增六和弦使用
图,,E:\Documents\DeepSeeK\harmony-trainer\images\1379347931_figure_largeshow.jpg,第八章 和弦变换,8-3 七和弦的变换,案例：增六与“Blackadder”和弦,图8.44 增六和弦的几种意义
谱例,7.4,E:\Documents\DeepSeeK\harmony-trainer\images\1380697225_figure_large.jpg,第七章 和弦外音,7-1 和弦外音,延留音与先现音,
谱例,8.33,E:\Documents\DeepSeeK\harmony-trainer\images\1380792939_figure_large.jpg,第八章 和弦变换,8-3 七和弦的变换,案例：增六与“Blackadder”和弦,
图,,E:\Documents\DeepSeeK\harmony-trainer\images\1381380980_figure_largeshow.jpg,附录,附录三 图上的音程与连接法,自测题三,
图,,E:\Documents\DeepSeeK\harmony-trainer\images\1381388994_figure_largeshow.jpg,附录,附录三 图上的音程与连接法,自测题三,
谱例,4.4,E:\Documents\DeepSeeK\harmony-trainer\images\1382256872_figure_largeshow.jpg,第四章 副调和弦,4-2 综合谱例与小结,大调曲例,
谱例,7.43,E:\Documents\DeepSeeK\harmony-trainer\images\1387558148_figure_large.jpg,第七章 和弦外音,7-4 平行与反向和声,反向和声,
谱例,7.29,E:\Documents\DeepSeeK\harmony-trainer\images\1387558237_figure_large.jpg,第七章 和弦外音,7-3 趋近和弦,趋近和弦小结,
图,,E:\Documents\DeepSeeK\harmony-trainer\images\1387558454_figure_large.jpg,第七章 和弦外音,7-3 趋近和弦,趋近和弦小结,
谱例,7.40,E:\Documents\DeepSeeK\harmony-trainer\images\1387558579_figure_large.jpg,第七章 和弦外音,7-4 平行与反向和声,反向和声,
谱例,7.42,E:\Documents\DeepSeeK\harmony-trainer\images\1392204050_figure_large.jpg,第七章 和弦外音,7-4 平行与反向和声,反向和声,
谱例,7.58,E:\Documents\DeepSeeK\harmony-trainer\images\1392249280_figure_large.jpg,第七章 和弦外音,7-5 非三度和声,四度与五度和声,
谱例,7.64,E:\Documents\DeepSeeK\harmony-trainer\images\1392249353_figure_large.jpg,第七章 和弦外音,7-5 非三度和声,二度和声与音簇,
图,,E:\Documents\DeepSeeK\harmony-trainer\images\1394073849_figure_largeshow.jpg,第二章 大调和声,2-2 大调的正三和弦,正三和弦及其功能,图2.13 大调内各音大致的趋向性
图,,E:\Documents\DeepSeeK\harmony-trainer\images\1394074024_figure_largeshow.jpg,第三章 小调和声,3-1 小调的三种类型,旋律小调与爵士小调,图3.13 小调内各音大致的趋向性
图,,E:\Documents\DeepSeeK\harmony-trainer\images\1394074191_figure_large.jpg,第五章 变化与延伸,5-1 属变和弦与三全音替换,大调的属变和弦,图5.2 含变化音的大、小调各音趋向性
图,,E:\Documents\DeepSeeK\harmony-trainer\images\1394074248_figure_large.jpg,第六章 排列与连接,6-3 声部连接,音的趋向,图5.2 含变化音的大、小调各音趋向性
谱例,7.65,E:\Documents\DeepSeeK\harmony-trainer\images\1395203937_figure_large.jpg,第七章 和弦外音,7-5 非三度和声,二度和声与音簇,
谱例,8.49,E:\Documents\DeepSeeK\harmony-trainer\images\1397461166_figure_large.jpg,第八章 和弦变换,8-4 平移与倒影,终止式的发展,
图,,E:\Documents\DeepSeeK\harmony-trainer\images\1397564033_figure_large.jpg,第一章 循环与网格图,1-1 音的循环,音程,图1.7 判断音程的练习
图,,E:\Documents\DeepSeeK\harmony-trainer\images\1398207221_figure_largeshow.jpg,第五章 变化与延伸,5-1 属变和弦与三全音替换,小调的属变和弦,图5.11 小调的♭4级与♯4级
谱例,7.54,E:\Documents\DeepSeeK\harmony-trainer\images\1398339410_figure_largeshow.jpg,第七章 和弦外音,7-5 非三度和声,附加音和弦,
图,,E:\Documents\DeepSeeK\harmony-trainer\images\1398668265_figure_largeshow.jpg,第十章 基础篇总结,10-1 基础和声总结,四个定律与四种变化,图10.2 和声的四个定律与四种变化
谱例,10.1,E:\Documents\DeepSeeK\harmony-trainer\images\1398668308_figure_large.jpg,第十章 基础篇总结,10-1 基础和声总结,和弦重配,
谱例,8.3,E:\Documents\DeepSeeK\harmony-trainer\images\1400442185_figure_largeshow.jpg,第八章 和弦变换,8-1 三和弦的变换（上）,多步变换与进行的强弱,
图,,E:\Documents\DeepSeeK\harmony-trainer\images\1401829517_figure_largeshow.jpg,第六章 排列与连接,6-1 谐音列与音程,第零定律的再认识,图6.14 音乐理论与人的关系
谱例,8.17,E:\Documents\DeepSeeK\harmony-trainer\images\1416206454_figure_large.jpg,第八章 和弦变换,8-1 三和弦的变换（上）,小三度循环与巴托克轴心,
图,,E:\Documents\DeepSeeK\harmony-trainer\images\1416206648_figure_large.jpg,第八章 和弦变换,8-1 三和弦的变换（上）,小三度循环与巴托克轴心,
谱例,6.6,E:\Documents\DeepSeeK\harmony-trainer\images\1418011836_figure_large.jpg,第六章 排列与连接,6-2 音的排列,距离产生美,
图,,E:\Documents\DeepSeeK\harmony-trainer\images\1420071336_figure_largeshow.jpg,第五章 变化与延伸,5-5 爵士理论入门,爵士和声与古典和声的关系,图5.50 两种和声思路的比较
图,,E:\Documents\DeepSeeK\harmony-trainer\images\1422681881_figure_large.jpg,附录,附录二 音与音名,响度,图II.2 ISO 226:2003 等响度曲线
图,,E:\Documents\DeepSeeK\harmony-trainer\images\1422681916_figure_large.jpg,附录,附录二 音与音名,音高与音名系统,图II.9 纯音的梅尔刻度
谱例,9.47,E:\Documents\DeepSeeK\harmony-trainer\images\1424255100_figure_large.jpg,第九章 音乐的结构,9-5 从节拍到节奏型,节拍的层次,
图,,E:\Documents\DeepSeeK\harmony-trainer\images\1424255851_figure_largeshow.jpg,第九章 音乐的结构,9-5 从节拍到节奏型,拍与拍号,图9.14 二、三、四拍子的指挥手势
谱例,9.64,E:\Documents\DeepSeeK\harmony-trainer\images\1424794389_figure_largeshow.jpg,第九章 音乐的结构,9-5 从节拍到节奏型,节拍与节奏的创新,
谱例,9.65,E:\Documents\DeepSeeK\harmony-trainer\images\1424794571_figure_large.jpg,第九章 音乐的结构,9-5 从节拍到节奏型,节拍与节奏的创新,
谱例,9.66,E:\Documents\DeepSeeK\harmony-trainer\images\1424794668_figure_largeshow.jpg,第九章 音乐的结构,9-5 从节拍到节奏型,节拍与节奏的创新,
谱例,9.52,E:\Documents\DeepSeeK\harmony-trainer\images\1424794747_figure_large.jpg,第九章 音乐的结构,9-5 从节拍到节奏型,节奏与节奏型,
谱例,9.53,E:\Documents\DeepSeeK\harmony-trainer\images\1424794862_figure_large.jpg,第九章 音乐的结构,9-5 从节拍到节奏型,连音,
谱例,9.67,E:\Documents\DeepSeeK\harmony-trainer\images\1424795100_figure_largeshow.jpg,第九章 音乐的结构,9-5 从节拍到节奏型,节拍与节奏的创新,
谱例,9.21,E:\Documents\DeepSeeK\harmony-trainer\images\1426504230_figure_largeshow.jpg,第九章 音乐的结构,9-3 织体的种类与层次,织体的类型,
谱例,9.48,E:\Documents\DeepSeeK\harmony-trainer\images\1426504486_figure_large.jpg,第九章 音乐的结构,9-5 从节拍到节奏型,节拍的层次,
谱例,9.49,E:\Documents\DeepSeeK\harmony-trainer\images\1426504570_figure_large.jpg,第九章 音乐的结构,9-5 从节拍到节奏型,节拍的层次,
图,,E:\Documents\DeepSeeK\harmony-trainer\images\1427977845_figure_largeshow.jpg,附录,附录三 图上的音程与连接法,自测题二,
图,,E:\Documents\DeepSeeK\harmony-trainer\images\1427977963_figure_largeshow.jpg,附录,附录三 图上的音程与连接法,自测题二,
图,,E:\Documents\DeepSeeK\harmony-trainer\images\1435476400_figure_large.jpg,附录,附录一 附图,12. 常见乐器的大致音域,
谱例,8.46,E:\Documents\DeepSeeK\harmony-trainer\images\1441110897_figure_large.jpg,第八章 和弦变换,8-4 平移与倒影,终止式的发展,
谱例,5.36,E:\Documents\DeepSeeK\harmony-trainer\images\1441218829_figure_largeshow.jpg,第五章 变化与延伸,5-5 爵士理论入门,高叠和弦的更多理解,
谱例,7.55,E:\Documents\DeepSeeK\harmony-trainer\images\1442784567_figure_largeshow.jpg,第七章 和弦外音,7-5 非三度和声,附加音和弦,
谱例,8.23,E:\Documents\DeepSeeK\harmony-trainer\images\1448105316_figure_largeshow.jpg,第八章 和弦变换,8-3 七和弦的变换,减七和弦的游移,
谱例,6.32,E:\Documents\DeepSeeK\harmony-trainer\images\1448105473_figure_large.jpg,第六章 排列与连接,6-4 和弦转位,转位与声部连接,
图,,E:\Documents\DeepSeeK\harmony-trainer\images\1448105622_figure_largeshow.jpg,第六章 排列与连接,6-1 谐音列与音程,泛音与谐音列,
图,,E:\Documents\DeepSeeK\harmony-trainer\images\1454871147_figure_large.jpg,第二章 大调和声,2-2 大调的正三和弦,准备、解决与曳动,图2.18 曳动
图,,E:\Documents\DeepSeeK\harmony-trainer\images\1463981349_figure_largeshow.jpg,第五章 变化与延伸,5-1 属变和弦与三全音替换,三全音替换,图5.9 爵士和声与subV7有关的标记图示
图,,E:\Documents\DeepSeeK\harmony-trainer\images\1526901019_figure_largeshow.jpg,第九章 音乐的结构,9-4 旋律线的创作,2. 旋律运动,
谱例,7.10,E:\Documents\DeepSeeK\harmony-trainer\images\1527447413_figure_large.jpg,第七章 和弦外音,7-2 经过、辅助与倚音和弦,经过和弦,
谱例,6.44,E:\Documents\DeepSeeK\harmony-trainer\images\1527447507_figure_large.jpg,第六章 排列与连接,6-4 和弦转位,爵士和声的声部连接,
图,,E:\Documents\DeepSeeK\harmony-trainer\images\1527450857_figure_large.jpg,第七章 和弦外音,7-4 平行与反向和声,非功能和声,图7.12 超市货架与商场橱窗展陈的对比
图,,E:\Documents\DeepSeeK\harmony-trainer\images\1527450967_figure_large.jpg,第五章 变化与延伸,5-5 爵士理论入门,爵士和声与古典和声的关系,图5.51 “工具箱”思维与“门派”思维
谱例,6.36,E:\Documents\DeepSeeK\harmony-trainer\images\1527647331_figure_large.jpg,第六章 排列与连接,6-4 和弦转位,转位与声部连接,
图,,E:\Documents\DeepSeeK\harmony-trainer\images\1527675510_figure_largeshow.jpg,第九章 音乐的结构,9-3 织体的种类与层次,声部的层次,图9.8 织体的层次
图,,E:\Documents\DeepSeeK\harmony-trainer\images\1527733751_figure_largeshow.jpg,第九章 音乐的结构,9-3 织体的种类与层次,电声乐队的组成,图9.9 电声乐队“四大件”
图,,E:\Documents\DeepSeeK\harmony-trainer\images\1529152399_figure_large.jpg,第六章 排列与连接,6-1 谐音列与音程,谐音列与音程,
图,,E:\Documents\DeepSeeK\harmony-trainer\images\1529152480_figure_large.jpg,第二章 大调和声,2-3 副三和弦与和声套路,调性、功能与色彩,图2.26 “金字塔”与“扁平化”的音高组织
谱例,7.67,E:\Documents\DeepSeeK\harmony-trainer\images\1529527540_figure_large.jpg,第七章 和弦外音,7-5 非三度和声,和弦的等音与外音,
图,,E:\Documents\DeepSeeK\harmony-trainer\images\1529604331_figure_large.jpg,第六章 排列与连接,6-1 谐音列与音程,泛音与谐音列,图6.2 傅里叶变换的原理（左）与钢琴、黑管的声音频谱（右）
谱例,8.11,E:\Documents\DeepSeeK\harmony-trainer\images\1531237224_figure_large.jpg,第八章 和弦变换,8-1 三和弦的变换（上）,大三度循环,
谱例,8.13,E:\Documents\DeepSeeK\harmony-trainer\images\1531237340_figure_large.jpg,第八章 和弦变换,8-1 三和弦的变换（上）,大三度循环,
图,,E:\Documents\DeepSeeK\harmony-trainer\images\1531628495_figure_large.jpg,第七章 和弦外音,7-2 经过、辅助与倚音和弦,跳出思维定势,图7.3 “世界地图”与“猫踩钢琴”
图,,E:\Documents\DeepSeeK\harmony-trainer\images\1537078514_figure_large.jpg,第六章 排列与连接,6-4 和弦转位,转位与声部连接,
谱例,6.21,E:\Documents\DeepSeeK\harmony-trainer\images\1538400988_figure_largeshow.jpg,第六章 排列与连接,6-3 声部连接,倾向音的处理,
图,,E:\Documents\DeepSeeK\harmony-trainer\images\1538401020_figure_large.jpg,第五章 变化与延伸,5-2 拿坡里和弦,拿坡里和弦,
谱例,8.44,E:\Documents\DeepSeeK\harmony-trainer\images\1538401397_figure_large.jpg,第八章 和弦变换,8-4 平移与倒影,终止式的发展,
图,,E:\Documents\DeepSeeK\harmony-trainer\images\1539682167_figure_largeshow.jpg,第六章 排列与连接,6-4 和弦转位,和弦的转位,图6.17 C大调中G和弦的转位
图,,E:\Documents\DeepSeeK\harmony-trainer\images\1539682223_figure_largeshow.jpg,第六章 排列与连接,6-4 和弦转位,和弦的转位,图6.18 C大调中G7和弦的转位
图,,E:\Documents\DeepSeeK\harmony-trainer\images\1545346406_figure_large.jpg,第三章 小调和声,3-2 和声分析与小调进行,和声分析的步骤,
图,,E:\Documents\DeepSeeK\harmony-trainer\images\1545346578_figure_large.jpg,第三章 小调和声,3-2 和声分析与小调进行,移调,
图,,E:\Documents\DeepSeeK\harmony-trainer\images\1553695826_figure_large.jpg,附录,附录二 音与音名,音高与音名系统,图II.10 由标准音A确定各组中的A音
谱例,7.6,E:\Documents\DeepSeeK\harmony-trainer\images\1560861191_figure_large.jpg,第七章 和弦外音,7-1 和弦外音,倚音,
图,,E:\Documents\DeepSeeK\harmony-trainer\images\1599392955_figure_large.jpg,第六章 排列与连接,6-1 谐音列与音程,泛音与谐音列,图6.4 声波的衍射与定向性
图,,E:\Documents\DeepSeeK\harmony-trainer\images\1599394150_figure_large.jpg,第六章 排列与连接,6-1 谐音列与音程,第零定律的再认识,图6.11 人的音高感知简图
图,,E:\Documents\DeepSeeK\harmony-trainer\images\1599394206_figure_large.jpg,第六章 排列与连接,6-1 谐音列与音程,第零定律的再认识,图6.12 临界带宽
图,,E:\Documents\DeepSeeK\harmony-trainer\images\1599394305_figure_large.jpg,第六章 排列与连接,6-1 谐音列与音程,第零定律的再认识,图6.13 Plomp和Levelt的协和度曲线
图,,E:\Documents\DeepSeeK\harmony-trainer\images\1637147910_figure_largeshow.jpg,第三章 小调和声,3-3 大调的借用和弦,同主音调,图3.19 C大调基准下借用c小调三和弦的级数
谱例,5.29,E:\Documents\DeepSeeK\harmony-trainer\images\1693703619_figure_large.jpg,第五章 变化与延伸,5-5 爵士理论入门,和弦—音阶理论,
谱例,5.29,E:\Documents\DeepSeeK\harmony-trainer\images\1693703701_figure_large.jpg,第五章 变化与延伸,5-5 爵士理论入门,兼容原则,
谱例,3.18,E:\Documents\DeepSeeK\harmony-trainer\images\1695909640_figure_large.jpg,第三章 小调和声,3-4 小调的借用和弦,交替大小调体系,
谱例,3.19,E:\Documents\DeepSeeK\harmony-trainer\images\1695918192_figure_large.jpg,第三章 小调和声,3-4 小调的借用和弦,交替大小调体系,
谱例,3.6,E:\Documents\DeepSeeK\harmony-trainer\images\1695920918_figure_large.jpg,第三章 小调和声,3-3 大调的借用和弦,属、下属和弦的借用,
图,,E:\Documents\DeepSeeK\harmony-trainer\images\1695921246_figure_large.jpg,第三章 小调和声,3-3 大调的借用和弦,属、下属和弦的借用,
图,,E:\Documents\DeepSeeK\harmony-trainer\images\1695921322_figure_large.jpg,第三章 小调和声,3-3 大调的借用和弦,属、下属和弦的借用,
谱例,3.8,E:\Documents\DeepSeeK\harmony-trainer\images\1696418893_figure_large.jpg,第三章 小调和声,3-3 大调的借用和弦,iii→ ♭III,
谱例,3.10,E:\Documents\DeepSeeK\harmony-trainer\images\1696418902_figure_large.jpg,第三章 小调和声,3-3 大调的借用和弦,vi→ ♭VI,
谱例,3.12,E:\Documents\DeepSeeK\harmony-trainer\images\1696419099_figure_large.jpg,第三章 小调和声,3-3 大调的借用和弦,vii°→ ♭VII,
谱例,3.7,E:\Documents\DeepSeeK\harmony-trainer\images\1696419237_figure_large.jpg,第三章 小调和声,3-3 大调的借用和弦,vi→ ♭VI,
谱例,3.13,E:\Documents\DeepSeeK\harmony-trainer\images\1696419605_figure_large.jpg,第三章 小调和声,3-3 大调的借用和弦,vii°→ ♭VII,
谱例,4.2,E:\Documents\DeepSeeK\harmony-trainer\images\1696419710_figure_large.jpg,第四章 副调和弦,4-1 副调和弦,大调的下属调,
谱例,7.66,E:\Documents\DeepSeeK\harmony-trainer\images\1696422081_figure_large.jpg,第七章 和弦外音,7-5 非三度和声,二度和声与音簇,
图,,E:\Documents\DeepSeeK\harmony-trainer\images\1696422147_figure_large.jpg,第七章 和弦外音,7-5 非三度和声,二度和声与音簇,
谱例,3.17,E:\Documents\DeepSeeK\harmony-trainer\images\1696485020_figure_large.jpg,第三章 小调和声,3-4 小调的借用和弦,交替大小调体系,
图,,E:\Documents\DeepSeeK\harmony-trainer\images\1696485139_figure_large.jpg,第三章 小调和声,3-4 小调的借用和弦,交替大小调体系,
谱例,3.14,E:\Documents\DeepSeeK\harmony-trainer\images\1696485243_figure_large.jpg,第三章 小调和声,3-3 大调的借用和弦,vii°→ ♭VII,
图,,E:\Documents\DeepSeeK\harmony-trainer\images\1696485402_figure_largeshow.jpg,第一章 循环与网格图,1-2 三和弦的网格,三和弦的网格图,图1.28 环面上的网格图
谱例,5.12,E:\Documents\DeepSeeK\harmony-trainer\images\1696490837_figure_large.jpg,第五章 变化与延伸,5-2 拿坡里和弦,拿坡里和弦,
谱例,3.11,E:\Documents\DeepSeeK\harmony-trainer\images\1696584529_figure_large.jpg,第三章 小调和声,3-3 大调的借用和弦,vi→ ♭VI,
谱例,5.1,E:\Documents\DeepSeeK\harmony-trainer\images\1696584679_figure_large.jpg,第五章 变化与延伸,5-1 属变和弦与三全音替换,含♯2级的属和弦,
谱例,5.2,E:\Documents\DeepSeeK\harmony-trainer\images\1696584750_figure_large.jpg,第五章 变化与延伸,5-1 属变和弦与三全音替换,含♯2级的属和弦,
谱例,5.3,E:\Documents\DeepSeeK\harmony-trainer\images\1696584995_figure_large.jpg,第五章 变化与延伸,5-1 属变和弦与三全音替换,含♭2级的属和弦,
谱例,5.4,E:\Documents\DeepSeeK\harmony-trainer\images\1696585076_figure_large.jpg,第五章 变化与延伸,5-1 属变和弦与三全音替换,含♭2级的属和弦,
谱例,5.5,E:\Documents\DeepSeeK\harmony-trainer\images\1696585142_figure_large.jpg,第五章 变化与延伸,5-1 属变和弦与三全音替换,含♭2级的属和弦,
谱例,5.6,E:\Documents\DeepSeeK\harmony-trainer\images\1696585257_figure_large.jpg,第五章 变化与延伸,5-1 属变和弦与三全音替换,小调的属变和弦,
谱例,3.7,E:\Documents\DeepSeeK\harmony-trainer\images\1696585396_figure_large.jpg,第五章 变化与延伸,5-1 属变和弦与三全音替换,副属变和弦,
谱例,5.9,E:\Documents\DeepSeeK\harmony-trainer\images\1696585552_figure_large.jpg,第五章 变化与延伸,5-1 属变和弦与三全音替换,副属变和弦,
图,,E:\Documents\DeepSeeK\harmony-trainer\images\1696597315_figure_largeshow.jpg,第五章 变化与延伸,5-1 属变和弦与三全音替换,含♯2级的属和弦,图5.3 C大调属和弦升高五音
图,,E:\Documents\DeepSeeK\harmony-trainer\images\1696597451_figure_largeshow.jpg,第五章 变化与延伸,5-1 属变和弦与三全音替换,含♭2级的属和弦,图5.4 C大调属和弦降低五音
谱例,5.17,E:\Documents\DeepSeeK\harmony-trainer\images\1696598004_figure_large.jpg,第五章 变化与延伸,5-2 拿坡里和弦,♭2级以外的变化音,
图,,E:\Documents\DeepSeeK\harmony-trainer\images\1696960737_figure_largeshow.jpg,第五章 变化与延伸,5-2 拿坡里和弦,拿坡里和弦,图5.15 c小调和C大调的拿坡里七和弦
谱例,5.15,E:\Documents\DeepSeeK\harmony-trainer\images\1696960970_figure_large.jpg,第五章 变化与延伸,5-2 拿坡里和弦,拿坡里和弦,
图,,E:\Documents\DeepSeeK\harmony-trainer\images\1697033316_figure_large.jpg,第五章 变化与延伸,5-2 拿坡里和弦,拿坡里和弦,
谱例,5.13,E:\Documents\DeepSeeK\harmony-trainer\images\1697033412_figure_large.jpg,第五章 变化与延伸,5-2 拿坡里和弦,拿坡里和弦,
谱例,5.25,E:\Documents\DeepSeeK\harmony-trainer\images\1697033509_figure_large.jpg,第五章 变化与延伸,5-3 增六和弦,增六和弦的实例,
谱例,8.7,E:\Documents\DeepSeeK\harmony-trainer\images\1697034547_figure_large.jpg,第八章 和弦变换,8-1 三和弦的变换（上）,中音关系,
谱例,5.14,E:\Documents\DeepSeeK\harmony-trainer\images\1697058890_figure_large.jpg,第五章 变化与延伸,5-2 拿坡里和弦,拿坡里和弦,
图,,E:\Documents\DeepSeeK\harmony-trainer\images\1697059059_figure_largeshow.jpg,第五章 变化与延伸,5-1 属变和弦与三全音替换,含♯2、♭2级的导和弦,图5.5 升、降三音的Bø和弦
图,,E:\Documents\DeepSeeK\harmony-trainer\images\1697059195_figure_largeshow.jpg,第五章 变化与延伸,5-1 属变和弦与三全音替换,含♯2、♭2级的导和弦,图5.6 升、降三音的B°7和弦
图,,E:\Documents\DeepSeeK\harmony-trainer\images\1697059256_figure_largeshow.jpg,第五章 变化与延伸,5-1 属变和弦与三全音替换,含♯2、♭2级的导和弦,图5.7 B°7♭♭3与D♭7的等音关系
谱例,5.7,E:\Documents\DeepSeeK\harmony-trainer\images\1697059344_figure_large.jpg,第五章 变化与延伸,5-1 属变和弦与三全音替换,小调的属变和弦,
图,,E:\Documents\DeepSeeK\harmony-trainer\images\1697059432_figure_large.jpg,第五章 变化与延伸,5-2 拿坡里和弦,♭2级以外的变化音,图5.19 C大调♯2级与c小调♭4级的下属变和弦
图,,E:\Documents\DeepSeeK\harmony-trainer\images\1697059665_figure_largeshow.jpg,第五章 变化与延伸,5-3 增六和弦,增六和弦的理解,图5.27 It+6的多种理解
图,,E:\Documents\DeepSeeK\harmony-trainer\images\1697059741_figure_largeshow.jpg,第五章 变化与延伸,5-3 增六和弦,增六和弦的理解,图5.28 Fr+6的多种理解
图,,E:\Documents\DeepSeeK\harmony-trainer\images\1697059800_figure_largeshow.jpg,第五章 变化与延伸,5-3 增六和弦,增六和弦的理解,图5.29 Gr+6的多种理解
谱例,5.18,E:\Documents\DeepSeeK\harmony-trainer\images\1697059928_figure_large.jpg,第五章 变化与延伸,5-3 增六和弦,增六和弦的实例,
谱例,5.19,E:\Documents\DeepSeeK\harmony-trainer\images\1697060177_figure_large.jpg,第五章 变化与延伸,5-3 增六和弦,增六和弦的实例,
谱例,5.27,E:\Documents\DeepSeeK\harmony-trainer\images\1697060451_figure_large.jpg,第五章 变化与延伸,5-3 增六和弦,其他音级上的增六和弦,
谱例,6.7,E:\Documents\DeepSeeK\harmony-trainer\images\1697060543_figure_large.jpg,第六章 排列与连接,6-2 音的排列,距离产生美,
谱例,6.19,E:\Documents\DeepSeeK\harmony-trainer\images\1697060668_figure_large.jpg,第六章 排列与连接,6-3 声部连接,音程的解决,
谱例,7.28,E:\Documents\DeepSeeK\harmony-trainer\images\1697060989_figure_large.jpg,第七章 和弦外音,7-3 趋近和弦,趋近和弦小结,
图,,E:\Documents\DeepSeeK\harmony-trainer\images\1697061034_figure_large.jpg,附录,附录一 附图,4. 本书常用和弦记号,
谱例,4.5,E:\Documents\DeepSeeK\harmony-trainer\images\1697072389_figure_large.jpg,第四章 副调和弦,4-2 综合谱例与小结,大调曲例,
谱例,4.3,E:\Documents\DeepSeeK\harmony-trainer\images\1697072429_figure_largeshow.jpg,第四章 副调和弦,4-1 副调和弦,大调的其他副调,
谱例,8.43,E:\Documents\DeepSeeK\harmony-trainer\images\1697075899_figure_large.jpg,第八章 和弦变换,8-4 平移与倒影,终止式的发展,
谱例,8.54,E:\Documents\DeepSeeK\harmony-trainer\images\1697075905_figure_large.jpg,第八章 和弦变换,8-4 平移与倒影,终止式的发展,
谱例,8.52,E:\Documents\DeepSeeK\harmony-trainer\images\1697076004_figure_large.jpg,第八章 和弦变换,8-4 平移与倒影,终止式的发展,
谱例,8.45,E:\Documents\DeepSeeK\harmony-trainer\images\1697076245_figure_large.jpg,第八章 和弦变换,8-4 平移与倒影,终止式的发展,
谱例,5.20,E:\Documents\DeepSeeK\harmony-trainer\images\1697076774_figure_large.jpg,第五章 变化与延伸,5-3 增六和弦,增六和弦的实例,
谱例,5.21,E:\Documents\DeepSeeK\harmony-trainer\images\1697076854_figure_large.jpg,第五章 变化与延伸,5-3 增六和弦,增六和弦的实例,
图,,E:\Documents\DeepSeeK\harmony-trainer\images\1697077069_figure_largeshow.jpg,第五章 变化与延伸,5-3 增六和弦,增六和弦的推广,图5.30 一些不常见的增六和弦
图,,E:\Documents\DeepSeeK\harmony-trainer\images\1697077143_figure_largeshow.jpg,第五章 变化与延伸,5-3 增六和弦,特里斯坦和弦,图5.31 特里斯坦和弦的几种理解
谱例,8.26,E:\Documents\DeepSeeK\harmony-trainer\images\1697077279_figure_large.jpg,第八章 和弦变换,8-3 七和弦的变换,属七和弦的游移,
谱例,8.31,E:\Documents\DeepSeeK\harmony-trainer\images\1697077364_figure_large.jpg,第八章 和弦变换,8-3 七和弦的变换,案例：增六与“Blackadder”和弦,
图,,E:\Documents\DeepSeeK\harmony-trainer\images\1697077454_figure_large.jpg,第八章 和弦变换,8-3 七和弦的变换,案例：增六与“Blackadder”和弦,
图,,E:\Documents\DeepSeeK\harmony-trainer\images\1697077500_figure_large.jpg,第八章 和弦变换,8-3 七和弦的变换,案例：增六与“Blackadder”和弦,
图,,E:\Documents\DeepSeeK\harmony-trainer\images\1697077653_figure_large.jpg,第八章 和弦变换,8-3 七和弦的变换,案例：增六与“Blackadder”和弦,
图,,E:\Documents\DeepSeeK\harmony-trainer\images\1697077745_figure_large.jpg,第八章 和弦变换,8-3 七和弦的变换,案例：增六与“Blackadder”和弦,
图,,E:\Documents\DeepSeeK\harmony-trainer\images\1697077814_figure_large.jpg,第八章 和弦变换,8-3 七和弦的变换,案例：增六与“Blackadder”和弦,
图,,E:\Documents\DeepSeeK\harmony-trainer\images\1697077952_figure_large.jpg,第八章 和弦变换,8-3 七和弦的变换,案例：增六与“Blackadder”和弦,
谱例,6.25,E:\Documents\DeepSeeK\harmony-trainer\images\1697079720_figure_large.jpg,第六章 排列与连接,6-3 声部连接,和声进行的综合规划,
谱例,6.26,E:\Documents\DeepSeeK\harmony-trainer\images\1697079846_figure_large.jpg,第六章 排列与连接,6-4 和弦转位,和弦的转位,
谱例,7.12,E:\Documents\DeepSeeK\harmony-trainer\images\1697079907_figure_large.jpg,第七章 和弦外音,7-2 经过、辅助与倚音和弦,经过和弦,
谱例,7.16,E:\Documents\DeepSeeK\harmony-trainer\images\1697080145_figure_large.jpg,第七章 和弦外音,7-2 经过、辅助与倚音和弦,辅助和弦,
谱例,7.23,E:\Documents\DeepSeeK\harmony-trainer\images\1697080203_figure_large.jpg,第七章 和弦外音,7-3 趋近和弦,二度趋近,
谱例,8.28,E:\Documents\DeepSeeK\harmony-trainer\images\1697080315_figure_large.jpg,第八章 和弦变换,8-3 七和弦的变换,案例：增六与“Blackadder”和弦,
谱例,8.30,E:\Documents\DeepSeeK\harmony-trainer\images\1697080446_figure_large.jpg,第八章 和弦变换,8-3 七和弦的变换,案例：增六与“Blackadder”和弦,
图,,E:\Documents\DeepSeeK\harmony-trainer\images\1697080796_figure_largeshow.jpg,第八章 和弦变换,8-3 七和弦的变换,案例：增六与“Blackadder”和弦,图8.42 Blackadder和弦
图,,E:\Documents\DeepSeeK\harmony-trainer\images\1697080905_figure_large.jpg,第八章 和弦变换,8-2 三和弦的变换（下）,和弦音的升降变换,图8.15 C、Cm五音的连续升、降
图,,E:\Documents\DeepSeeK\harmony-trainer\images\1697081007_figure_largeshow.jpg,第八章 和弦变换,8-2 三和弦的变换（下）,和弦音的升降变换,图8.16 C族三和弦三音的连续升、降
图,,E:\Documents\DeepSeeK\harmony-trainer\images\1697081172_figure_large.jpg,第八章 和弦变换,8-2 三和弦的变换（下）,和弦音的升降变换,图8.17 C、Cm根音的连续升、降
谱例,8.14,E:\Documents\DeepSeeK\harmony-trainer\images\1697081298_figure_largeshow.jpg,第八章 和弦变换,8-1 三和弦的变换（上）,小三度循环与巴托克轴心,
图,,E:\Documents\DeepSeeK\harmony-trainer\images\1697081378_figure_largeshow.jpg,第八章 和弦变换,8-3 七和弦的变换,同族七和弦,图8.28 C组七和弦七音的连续升、降
图,,E:\Documents\DeepSeeK\harmony-trainer\images\1697081415_figure_largeshow.jpg,第八章 和弦变换,8-3 七和弦的变换,同族七和弦,图8.29 Cm组七和弦七音的连续升、降
图,,E:\Documents\DeepSeeK\harmony-trainer\images\1697081582_figure_largeshow.jpg,第八章 和弦变换,8-3 七和弦的变换,同族七和弦,图8.30 C+组七和弦七音的连续升、降
图,,E:\Documents\DeepSeeK\harmony-trainer\images\1697081697_figure_largeshow.jpg,第八章 和弦变换,8-3 七和弦的变换,同族七和弦,图8.31 C°组七和弦七音的连续升、降
图,,E:\Documents\DeepSeeK\harmony-trainer\images\1697081715_figure_largeshow.jpg,第八章 和弦变换,8-3 七和弦的变换,同族七和弦,图8.32 C♭5组七和弦七音的连续升、降
图,,E:\Documents\DeepSeeK\harmony-trainer\images\1697081825_figure_largeshow.jpg,第八章 和弦变换,8-3 七和弦的变换,同族七和弦,图8.33 Cm♯5组七和弦七音的连续升、降
谱例,8.40,E:\Documents\DeepSeeK\harmony-trainer\images\1697081961_figure_large.jpg,第八章 和弦变换,8-4 平移与倒影,负和声,
谱例,8.41,E:\Documents\DeepSeeK\harmony-trainer\images\1697082055_figure_large.jpg,第八章 和弦变换,8-4 平移与倒影,负和声,
谱例,8.42,E:\Documents\DeepSeeK\harmony-trainer\images\1697082140_figure_large.jpg,第八章 和弦变换,8-4 平移与倒影,负和声,
图,,E:\Documents\DeepSeeK\harmony-trainer\images\1697082307_figure_largeshow.jpg,第五章 变化与延伸,5-3 增六和弦,全功能理论,图5.35 自然大、小调下五个变化音的部分常见角色
图,,E:\Documents\DeepSeeK\harmony-trainer\images\1697082471_figure_large.jpg,第五章 变化与延伸,5-3 增六和弦,全功能理论,图5.38 C开始的七个中古调式
谱例,8.27,E:\Documents\DeepSeeK\harmony-trainer\images\1697082545_figure_large.jpg,第八章 和弦变换,8-3 七和弦的变换,属七和弦的游移,
谱例,8.32,E:\Documents\DeepSeeK\harmony-trainer\images\1697082661_figure_large.jpg,第八章 和弦变换,8-3 七和弦的变换,案例：增六与“Blackadder”和弦,
谱例,8.12,E:\Documents\DeepSeeK\harmony-trainer\images\1697172139_figure_large.jpg,第八章 和弦变换,8-1 三和弦的变换（上）,大三度循环,
图,,E:\Documents\DeepSeeK\harmony-trainer\images\1697172710_figure_largeshow.jpg,附录,附录三 图上的音程与连接法,自测题四,
图,,E:\Documents\DeepSeeK\harmony-trainer\images\1697172802_figure_largeshow.jpg,附录,附录三 图上的音程与连接法,自测题四,
图,,E:\Documents\DeepSeeK\harmony-trainer\images\1697172977_figure_largeshow.jpg,附录,附录三 图上的音程与连接法,自测题四,
图,,E:\Documents\DeepSeeK\harmony-trainer\images\1697173096_figure_largeshow.jpg,附录,附录三 图上的音程与连接法,自测题四,
图,,E:\Documents\DeepSeeK\harmony-trainer\images\1697173170_figure_largeshow.jpg,附录,附录三 图上的音程与连接法,自测题四,
谱例,6.47,E:\Documents\DeepSeeK\harmony-trainer\images\1697421217_figure_largeshow.jpg,第六章 排列与连接,6-4 和弦转位,爵士和声的声部连接,
图,,E:\Documents\DeepSeeK\harmony-trainer\images\1697421313_figure_largeshow.jpg,第六章 排列与连接,6-4 和弦转位,爵士和声的声部连接,
图,,E:\Documents\DeepSeeK\harmony-trainer\images\1698203015_figure_largeshow.jpg,第九章 音乐的结构,9-1 动机及其发展,动机和主题,
图,,E:\Documents\DeepSeeK\harmony-trainer\images\1698217762_figure_largeshow.jpg,附录,附录三 图上的音程与连接法,自测题五,
图,,E:\Documents\DeepSeeK\harmony-trainer\images\1698217945_figure_largeshow.jpg,附录,附录三 图上的音程与连接法,自测题五,
图,,E:\Documents\DeepSeeK\harmony-trainer\images\1698218027_figure_large.jpg,附录,附录三 图上的音程与连接法,自测题五,
图,,E:\Documents\DeepSeeK\harmony-trainer\images\1698218159_figure_large.jpg,附录,附录三 图上的音程与连接法,自测题五,
图,,E:\Documents\DeepSeeK\harmony-trainer\images\1698218384_figure_large.jpg,附录,附录三 图上的音程与连接法,自测题五,
图,,E:\Documents\DeepSeeK\harmony-trainer\images\1698218410_figure_large.jpg,附录,附录三 图上的音程与连接法,自测题五,
图,,E:\Documents\DeepSeeK\harmony-trainer\images\1698218596_figure_largeshow.jpg,附录,附录三 图上的音程与连接法,自测题五,
图,,E:\Documents\DeepSeeK\harmony-trainer\images\1698218604_figure_large.jpg,附录,附录三 图上的音程与连接法,自测题五,
图,,E:\Documents\DeepSeeK\harmony-trainer\images\1698218732_figure_large.jpg,附录,附录三 图上的音程与连接法,自测题五,
图,,E:\Documents\DeepSeeK\harmony-trainer\images\1698218899_figure_large.jpg,附录,附录三 图上的音程与连接法,自测题五,
图,,E:\Documents\DeepSeeK\harmony-trainer\images\1698218900_figure_large.jpg,附录,附录三 图上的音程与连接法,自测题五,
图,,E:\Documents\DeepSeeK\harmony-trainer\images\1698219016_figure_large.jpg,附录,附录三 图上的音程与连接法,自测题五,
图,,E:\Documents\DeepSeeK\harmony-trainer\images\1698219199_figure_largeshow.jpg,附录,附录三 图上的音程与连接法,自测题五,
图,,E:\Documents\DeepSeeK\harmony-trainer\images\1698219237_figure_large.jpg,附录,附录三 图上的音程与连接法,自测题五,
图,,E:\Documents\DeepSeeK\harmony-trainer\images\1698219355_figure_large.jpg,附录,附录三 图上的音程与连接法,自测题五,
图,,E:\Documents\DeepSeeK\harmony-trainer\images\1698219420_figure_largeshow.jpg,附录,附录三 图上的音程与连接法,自测题五,
图,,E:\Documents\DeepSeeK\harmony-trainer\images\1698219511_figure_largeshow.jpg,附录,附录三 图上的音程与连接法,自测题五,
图,,E:\Documents\DeepSeeK\harmony-trainer\images\1698219605_figure_largeshow.jpg,附录,附录三 图上的音程与连接法,自测题五,
图,,E:\Documents\DeepSeeK\harmony-trainer\images\1698219771_figure_largeshow.jpg,附录,附录三 图上的音程与连接法,自测题五,
图,,E:\Documents\DeepSeeK\harmony-trainer\images\1698219819_figure_largeshow.jpg,附录,附录三 图上的音程与连接法,自测题五,
图,,E:\Documents\DeepSeeK\harmony-trainer\images\1698219959_figure_large.jpg,附录,附录三 图上的音程与连接法,自测题五,
图,,E:\Documents\DeepSeeK\harmony-trainer\images\1698220014_figure_large.jpg,附录,附录三 图上的音程与连接法,自测题五,
图,,E:\Documents\DeepSeeK\harmony-trainer\images\1698220168_figure_large.jpg,附录,附录三 图上的音程与连接法,自测题五,
图,,E:\Documents\DeepSeeK\harmony-trainer\images\1698220303_figure_largeshow.jpg,附录,附录三 图上的音程与连接法,自测题五,
图,,E:\Documents\DeepSeeK\harmony-trainer\images\1701756019_figure_largeshow.jpg,附录,附录三 图上的音程与连接法,自测题四,
图,,E:\Documents\DeepSeeK\harmony-trainer\images\1701756110_figure_largeshow.jpg,附录,附录三 图上的音程与连接法,自测题四,
图,,E:\Documents\DeepSeeK\harmony-trainer\images\1701756255_figure_largeshow.jpg,附录,附录三 图上的音程与连接法,自测题四,
图,,E:\Documents\DeepSeeK\harmony-trainer\images\1701756361_figure_largeshow.jpg,附录,附录三 图上的音程与连接法,自测题四,
图,,E:\Documents\DeepSeeK\harmony-trainer\images\1701756474_figure_largeshow.jpg,附录,附录三 图上的音程与连接法,自测题四,
图,,E:\Documents\DeepSeeK\harmony-trainer\images\1709370588_figure_largeshow.jpg,第八章 和弦变换,8-2 三和弦的变换（下）,同族三和弦,图8.13 C族三和弦音的范围
图,,E:\Documents\DeepSeeK\harmony-trainer\images\1709370622_figure_largeshow.jpg,第八章 和弦变换,8-3 七和弦的变换,同族七和弦,图8.27 C族七和弦音的范围
图,,E:\Documents\DeepSeeK\harmony-trainer\images\1709371311_figure_large.jpg,第五章 变化与延伸,5-5 爵士理论入门,斜线和弦的乱象,图5.53 斜线和弦有关的一些概念
谱例,7.19,E:\Documents\DeepSeeK\harmony-trainer\images\1709371445_figure_largeshow.jpg,第七章 和弦外音,7-2 经过、辅助与倚音和弦,第四种和声变化,
图,,E:\Documents\DeepSeeK\harmony-trainer\images\836061072_figure_largeshow.jpg,第一章 循环与网格图,1-1 音的循环,更多的循环,图1.11 另一个全音阶循环
图,,E:\Documents\DeepSeeK\harmony-trainer\images\836061122_figure_largeshow.jpg,第一章 循环与网格图,1-1 音的循环,更多的循环,图1.12 从C出发的小三度循环
图,,E:\Documents\DeepSeeK\harmony-trainer\images\836061214_figure_large.jpg,第一章 循环与网格图,1-1 音的循环,更多的循环,图1.13 三个小三度循环
图,,E:\Documents\DeepSeeK\harmony-trainer\images\836061452_figure_largeshow.jpg,第一章 循环与网格图,1-1 音的循环,更多的循环,图1.14 从C出发的大三度循环
图,,E:\Documents\DeepSeeK\harmony-trainer\images\836061658_figure_largeshow.jpg,第一章 循环与网格图,1-1 音的循环,更多的循环,图1.15 四个大三度循环
图,,E:\Documents\DeepSeeK\harmony-trainer\images\836062267_figure_largeshow.jpg,第一章 循环与网格图,1-1 音的循环,更多的循环,图1.16 纯四度循环
图,,E:\Documents\DeepSeeK\harmony-trainer\images\836064640_figure_largeshow.jpg,第一章 循环与网格图,1-1 音的循环,更多的循环,图1.17 五度圈
图,,E:\Documents\DeepSeeK\harmony-trainer\images\836065383_figure_largeshow.jpg,第一章 循环与网格图,1-1 音的循环,更多的循环,图1.18 纯五度和纯四度的关系
图,,E:\Documents\DeepSeeK\harmony-trainer\images\836065479_figure_largeshow.jpg,第一章 循环与网格图,1-1 音的循环,更多的循环,图1.20 三全音关系
图,,E:\Documents\DeepSeeK\harmony-trainer\images\836540360_figure_largeshow.jpg,第一章 循环与网格图,1-2 三和弦的网格,大三和弦,图1.22 C和弦与G和弦
图,,E:\Documents\DeepSeeK\harmony-trainer\images\836540432_figure_largeshow.jpg,第一章 循环与网格图,1-2 三和弦的网格,小三和弦,图1.23 C、G与Em和弦
图,,E:\Documents\DeepSeeK\harmony-trainer\images\836540585_figure_largeshow.jpg,第一章 循环与网格图,1-2 三和弦的网格,小三和弦,图1.24 C、G、Em、E和弦
图,,E:\Documents\DeepSeeK\harmony-trainer\images\836541041_figure_largeshow.jpg,第一章 循环与网格图,1-2 三和弦的网格,三和弦的网格图,图1.25 和弦铺展成网格图
图,,E:\Documents\DeepSeeK\harmony-trainer\images\836541193_figure_large.jpg,第一章 循环与网格图,1-2 三和弦的网格,三和弦的网格图,图1.26 范围更大的网格图
图,,E:\Documents\DeepSeeK\harmony-trainer\images\836930268_figure_large.jpg,第二章 大调和声,2-1 大调的三和弦,自然大调,图2.2 网格图上的C宫系统五音
图,,E:\Documents\DeepSeeK\harmony-trainer\images\836930579_figure_large.jpg,第二章 大调和声,2-1 大调的三和弦,自然大调,图2.4 网格图上的C大调七个音
图,,E:\Documents\DeepSeeK\harmony-trainer\images\836930647_figure_large.jpg,第二章 大调和声,2-1 大调的三和弦,调内三和弦,图2.5 C大调的调内大、小三和弦
图,,E:\Documents\DeepSeeK\harmony-trainer\images\836930948_figure_largeshow.jpg,第二章 大调和声,2-1 大调的三和弦,调内三和弦,图2.6 C大调的七个调内三和弦
图,,E:\Documents\DeepSeeK\harmony-trainer\images\836931138_figure_largeshow.jpg,第二章 大调和声,2-1 大调的三和弦,调内三和弦,图2.7 C大调三和弦的级数
图,,E:\Documents\DeepSeeK\harmony-trainer\images\836931541_figure_largeshow.jpg,第二章 大调和声,2-1 大调的三和弦,任意大调的三和弦,图2.9 E♭大调的七个三和弦
图,,E:\Documents\DeepSeeK\harmony-trainer\images\836931665_figure_largeshow.jpg,第二章 大调和声,2-1 大调的三和弦,任意大调的三和弦,图2.10 E♭大调七个三和弦的级数
图,,E:\Documents\DeepSeeK\harmony-trainer\images\837249256_figure_largeshow.jpg,第二章 大调和声,2-2 大调的正三和弦,正三和弦及其功能,图2.14 C大调的正三和弦
图,,E:\Documents\DeepSeeK\harmony-trainer\images\837249414_figure_largeshow.jpg,第二章 大调和声,2-2 大调的正三和弦,和声进行的基本规律,图2.16 I—IV—V—I进行的效果示意
图,,E:\Documents\DeepSeeK\harmony-trainer\images\837879110_figure_largeshow.jpg,第二章 大调和声,2-2 大调的正三和弦,和声进行的基本规律,图2.15 大调正三和弦的循环
图,,E:\Documents\DeepSeeK\harmony-trainer\images\838882479_figure_largeshow.jpg,第二章 大调和声,2-2 大调的正三和弦,旋律音与第二定律,图2.19 大调正三和弦的音级
图,,E:\Documents\DeepSeeK\harmony-trainer\images\838883783_figure_largeshow.jpg,第二章 大调和声,2-2 大调的正三和弦,三和弦过时了吗？,图2.20 和弦使用的频率统计
图,,E:\Documents\DeepSeeK\harmony-trainer\images\839088236_figure_largeshow.jpg,第二章 大调和声,2-3 副三和弦与和声套路,自然音体系,图2.21 大调的三个功能组
图,,E:\Documents\DeepSeeK\harmony-trainer\images\839099607_figure_largeshow.jpg,第二章 大调和声,2-3 副三和弦与和声套路,循环进行,图2.26 调内的五度圈循环
图,,E:\Documents\DeepSeeK\harmony-trainer\images\839265939_figure_largeshow.jpg,第二章 大调和声,2-3 副三和弦与和声套路,自然音体系,图2.23 大调和声的模式（原书图7-6）
图,,E:\Documents\DeepSeeK\harmony-trainer\images\839700583_figure_largeshow.jpg,第二章 大调和声,2-4 大调的七和弦,大七和弦,图2.29 C大调的两个大七和弦CΔ和FΔ
图,,E:\Documents\DeepSeeK\harmony-trainer\images\839702254_figure_largeshow.jpg,第二章 大调和声,2-4 大调的七和弦,小七与半减七和弦,图2.32 C大调的三个小七和弦
图,,E:\Documents\DeepSeeK\harmony-trainer\images\839705126_figure_largeshow.jpg,第二章 大调和声,2-4 大调的七和弦,属七和弦,图2.31 属七和弦的“三角关系”
图,,E:\Documents\DeepSeeK\harmony-trainer\images\839721639_figure_largeshow.jpg,第二章 大调和声,2-4 大调的七和弦,小七与半减七和弦,图2.33 Bø的结构、位置以及与Bm7的的关系
图,,E:\Documents\DeepSeeK\harmony-trainer\images\840410106_figure_largeshow.jpg,第三章 小调和声,3-1 小调的三种类型,自然小调,图3.1 C大调和a自然小调的音级
图,,E:\Documents\DeepSeeK\harmony-trainer\images\840605805_figure_largeshow.jpg,第三章 小调和声,3-1 小调的三种类型,和声小调及其和弦,图3.6 a自然小调与a和声小调
图,,E:\Documents\DeepSeeK\harmony-trainer\images\840606114_figure_largeshow.jpg,第二章 大调和声,2-4 大调的七和弦,小七与半减七和弦,图2.34 大调的七个七和弦
图,,E:\Documents\DeepSeeK\harmony-trainer\images\840606254_figure_largeshow.jpg,第三章 小调和声,3-1 小调的三种类型,自然小调的和弦,图3.4 自然小调的七和弦
图,,E:\Documents\DeepSeeK\harmony-trainer\images\840606316_figure_largeshow.jpg,第三章 小调和声,3-1 小调的三种类型,和声小调及其和弦,图3.10 和声小调的七和弦级数
图,,E:\Documents\DeepSeeK\harmony-trainer\images\840606511_figure_largeshow.jpg,第三章 小调和声,3-1 小调的三种类型,和声小调及其和弦,图3.7 a和声小调的三和弦
图,,E:\Documents\DeepSeeK\harmony-trainer\images\840608801_figure_largeshow.jpg,第三章 小调和声,3-1 小调的三种类型,自然小调的和弦,图3.2 a自然小调的三和弦
图,,E:\Documents\DeepSeeK\harmony-trainer\images\840609182_figure_largeshow.jpg,第三章 小调和声,3-1 小调的三种类型,自然小调的和弦,图3.3 a自然小调三和弦的音级
图,,E:\Documents\DeepSeeK\harmony-trainer\images\840609941_figure_largeshow.jpg,第三章 小调和声,3-1 小调的三种类型,自然小调的和弦,图3.5 自然小调的功能组
图,,E:\Documents\DeepSeeK\harmony-trainer\images\840626305_figure_largeshow.jpg,第三章 小调和声,3-1 小调的三种类型,和声小调及其和弦,图3.11 属七和弦与大小调主音的关系
谱例,3.1,E:\Documents\DeepSeeK\harmony-trainer\images\841784208_figure_largeshow.jpg,第三章 小调和声,3-2 和声分析与小调进行,和声分析的步骤,
图,,E:\Documents\DeepSeeK\harmony-trainer\images\841824587_figure_largeshow.jpg,第二章 大调和声,2-3 副三和弦与和声套路,自然音体系,图2.22 三个功能组的关系
图,,E:\Documents\DeepSeeK\harmony-trainer\images\842026691_figure_largeshow.jpg,第三章 小调和声,3-2 和声分析与小调进行,五线谱的和声分析,
图,,E:\Documents\DeepSeeK\harmony-trainer\images\842387822_figure_largeshow.jpg,第三章 小调和声,3-2 和声分析与小调进行,小调和声的特点,图3.16 小调的功能组循环
图,,E:\Documents\DeepSeeK\harmony-trainer\images\842805855_figure_largeshow.jpg,第三章 小调和声,3-3 大调的借用和弦,导七和弦,图3.21 C大调与c和声小调的导七和弦
图,,E:\Documents\DeepSeeK\harmony-trainer\images\842818401_figure_largeshow.jpg,第三章 小调和声,3-4 小调的借用和弦,属、下属和弦的借用,图3.25 a自然小调与A大调的正三和弦
图,,E:\Documents\DeepSeeK\harmony-trainer\images\843003031_figure_largeshow.jpg,第三章 小调和声,3-4 小调的借用和弦,副三和弦的借用,图3.28 a小调与A大调的副三和弦
图,,E:\Documents\DeepSeeK\harmony-trainer\images\843009288_figure_largeshow.jpg,第三章 小调和声,3-4 小调的借用和弦,关系调与同名调的循环,图3.31 五度圈中的C小三度循环
图,,E:\Documents\DeepSeeK\harmony-trainer\images\843009470_figure_largeshow.jpg,第三章 小调和声,3-4 小调的借用和弦,关系调与同名调的循环,图3.32 五度圈中的三个小三度循环
图,,E:\Documents\DeepSeeK\harmony-trainer\images\843825582_figure_largeshow.jpg,第四章 副调和弦,4-1 副调和弦,近关系调,图4.15 C大调最广义的近关系调范围
图,,E:\Documents\DeepSeeK\harmony-trainer\images\843825660_figure_largeshow.jpg,第四章 副调和弦,4-1 副调和弦,近关系调,图4.16 a小调最广义的近关系调范围
图,,E:\Documents\DeepSeeK\harmony-trainer\images\843859916_figure_largeshow.jpg,第四章 副调和弦,4-1 副调和弦,大调的属调,图4.2 C大调的重属和声组七和弦
图,,E:\Documents\DeepSeeK\harmony-trainer\images\843860099_figure_largeshow.jpg,第四章 副调和弦,4-1 副调和弦,大调的下属调,图4.6 C大调的下属离调属和弦
图,,E:\Documents\DeepSeeK\harmony-trainer\images\843860211_figure_largeshow.jpg,第四章 副调和弦,4-1 副调和弦,大调的属调,图4.1 C大调的重属和声组三和弦
图,,E:\Documents\DeepSeeK\harmony-trainer\images\843860361_figure_largeshow.jpg,第四章 副调和弦,4-1 副调和弦,大调的属调,图4.3 C大调与G大调的共同三和弦
图,,E:\Documents\DeepSeeK\harmony-trainer\images\843860450_figure_largeshow.jpg,第四章 副调和弦,4-1 副调和弦,大调的下属调,图4.5 C大调与F大调的共同和弦
图,,E:\Documents\DeepSeeK\harmony-trainer\images\843860575_figure_largeshow.jpg,第四章 副调和弦,4-1 副调和弦,大调的其他副调,图4.9 C大调及其中音调e小调
图,,E:\Documents\DeepSeeK\harmony-trainer\images\843860667_figure_largeshow.jpg,第四章 副调和弦,4-1 副调和弦,大调的其他副调,图4.10 C大调及其上主音调d小调
图,,E:\Documents\DeepSeeK\harmony-trainer\images\843860923_figure_largeshow.jpg,第四章 副调和弦,4-1 副调和弦,小调的副调和弦,图4.12 C大调及其小下属调f小调
图,,E:\Documents\DeepSeeK\harmony-trainer\images\844709008_figure_largeshow.jpg,第四章 副调和弦,4-2 综合谱例与小结,大调曲例,图4.17 E和弦作为ii离调属和弦
图,,E:\Documents\DeepSeeK\harmony-trainer\images\844711206_figure_largeshow.jpg,第四章 副调和弦,4-2 综合谱例与小结,大调曲例,图4.18 E和弦作为vi的借用和弦
图,,E:\Documents\DeepSeeK\harmony-trainer\images\844914329_figure_largeshow.jpg,第四章 副调和弦,4-2 综合谱例与小结,大调曲例,图4.22 结束时的几个副属和弦
图,,E:\Documents\DeepSeeK\harmony-trainer\images\844918639_figure_largeshow.jpg,第三章 小调和声,3-4 小调的借用和弦,属、下属和弦的借用,图3.26 爵士小调的三和弦
图,,E:\Documents\DeepSeeK\harmony-trainer\images\844918864_figure_largeshow.jpg,第三章 小调和声,3-4 小调的借用和弦,属、下属和弦的借用,图3.27 爵士小调的七和弦
图,,E:\Documents\DeepSeeK\harmony-trainer\images\844921577_figure_largeshow.jpg,第四章 副调和弦,4-2 综合谱例与小结,小调曲例,图4.23 c小调的网格图
图,,E:\Documents\DeepSeeK\harmony-trainer\images\844921659_figure_largeshow.jpg,第四章 副调和弦,4-2 综合谱例与小结,和声的变化小结,图4.28 半音化的几种概念关系
图,,E:\Documents\DeepSeeK\harmony-trainer\images\844930219_figure_largeshow.jpg,第四章 副调和弦,4-2 综合谱例与小结,大调曲例,图4.19 F和弦作为离调的IV/IV和弦
图,,E:\Documents\DeepSeeK\harmony-trainer\images\844930390_figure_largeshow.jpg,第四章 副调和弦,4-2 综合谱例与小结,大调曲例,图4.20 小下属和弦Cm
图,,E:\Documents\DeepSeeK\harmony-trainer\images\844930469_figure_largeshow.jpg,第四章 副调和弦,4-2 综合谱例与小结,大调曲例,图4.21 到g小调的离调和弦
图,,E:\Documents\DeepSeeK\harmony-trainer\images\844965744_figure_largeshow.jpg,第四章 副调和弦,4-2 综合谱例与小结,小调曲例,图4.24 第一小节的旋律音与和弦
图,,E:\Documents\DeepSeeK\harmony-trainer\images\844965964_figure_largeshow.jpg,第四章 副调和弦,4-2 综合谱例与小结,小调曲例,图4.25 含有C和E♭的部分和弦
图,,E:\Documents\DeepSeeK\harmony-trainer\images\844966171_figure_largeshow.jpg,第四章 副调和弦,4-2 综合谱例与小结,小调曲例,图4.26 含有E♭和D的部分和弦
图,,E:\Documents\DeepSeeK\harmony-trainer\images\844966203_figure_largeshow.jpg,第四章 副调和弦,4-2 综合谱例与小结,小调曲例,图4.27 含有E♭的三和弦
图,,E:\Documents\DeepSeeK\harmony-trainer\images\845002215_figure_largeshow.jpg,第二章 大调和声,2-1 大调的三和弦,任意大调的三和弦,图2.8 E♭大调的四边形
图,,E:\Documents\DeepSeeK\harmony-trainer\images\845006266_figure_largeshow.jpg,第五章 变化与延伸,5-1 属变和弦与三全音替换,大调的属变和弦,图5.1 G和弦降低三音会改变和弦性质
图,,E:\Documents\DeepSeeK\harmony-trainer\images\845008064_figure_largeshow.jpg,第五章 变化与延伸,5-1 属变和弦与三全音替换,三全音替换,图5.8 G7与D♭7的三全音替换
图,,E:\Documents\DeepSeeK\harmony-trainer\images\845010589_figure_largeshow.jpg,第五章 变化与延伸,5-2 拿坡里和弦,拿坡里和弦,图5.14 c小调和C大调的拿坡里和弦
图,,E:\Documents\DeepSeeK\harmony-trainer\images\845010869_figure_largeshow.jpg,第五章 变化与延伸,5-2 拿坡里和弦,拿坡里和弦,图5.16 拿坡里和弦作为小下属调的VI
图,,E:\Documents\DeepSeeK\harmony-trainer\images\845019921_figure_largeshow.jpg,第五章 变化与延伸,5-2 拿坡里和弦,拿坡里和弦,图5.17 C大调的N/IV
图,,E:\Documents\DeepSeeK\harmony-trainer\images\845333784_figure_largeshow.jpg,第五章 变化与延伸,5-2 拿坡里和弦,功能组的渗透,图5.20 大调4级可用的部分和弦
图,,E:\Documents\DeepSeeK\harmony-trainer\images\845333832_figure_largeshow.jpg,第五章 变化与延伸,5-2 拿坡里和弦,功能组的渗透,图5.21 大调1级可用的部分和弦
图,,E:\Documents\DeepSeeK\harmony-trainer\images\846947418_figure_largeshow.jpg,第五章 变化与延伸,5-3 增六和弦,三种增六和弦,图5.25 增六度的双重半音趋近
图,,E:\Documents\DeepSeeK\harmony-trainer\images\847396723_figure_largeshow.jpg,第五章 变化与延伸,5-3 增六和弦,其他音级上的增六和弦,图5.32 C大调有关的一些属七和弦
图,,E:\Documents\DeepSeeK\harmony-trainer\images\847397948_figure_largeshow.jpg,第五章 变化与延伸,5-3 增六和弦,其他音级上的增六和弦,图5.33 Gr+6作为V7
图,,E:\Documents\DeepSeeK\harmony-trainer\images\847398780_figure_largeshow.jpg,第五章 变化与延伸,5-3 增六和弦,其他音级上的增六和弦,图5.34 V7作为Gr+6
图,,E:\Documents\DeepSeeK\harmony-trainer\images\851151947_figure_largeshow.jpg,第六章 排列与连接,6-1 谐音列与音程,泛音与谐音列,图6.3 均衡器
图,,E:\Documents\DeepSeeK\harmony-trainer\images\855570781_figure_largeshow.jpg,第六章 排列与连接,6-1 谐音列与音程,谐音列与音程,图6.5 谐音列与音程、和弦
图,,E:\Documents\DeepSeeK\harmony-trainer\images\937331324_figure_large.jpg,第一章 循环与网格图,1-1 音的循环,半音阶循环,图1.1 钢琴键盘与五线谱音高对照表
图,,E:\Documents\DeepSeeK\harmony-trainer\images\937331406_figure_largeshow.jpg,第一章 循环与网格图,1-1 音的循环,半音阶循环,图1.4 音名表示的半音阶循环
图,,E:\Documents\DeepSeeK\harmony-trainer\images\937331559_figure_largeshow.jpg,第一章 循环与网格图,1-1 音的循环,更多的循环,图1.10 从C出发的全音阶循环
图,,E:\Documents\DeepSeeK\harmony-trainer\images\937332185_figure_largeshow.jpg,第二章 大调和声,2-1 大调的三和弦,自然大调,图2.1 以C为宫的五音
图,,E:\Documents\DeepSeeK\harmony-trainer\images\937332217_figure_largeshow.jpg,第二章 大调和声,2-1 大调的三和弦,自然大调,图2.3 五度圈上的C大调七个音
图,,E:\Documents\DeepSeeK\harmony-trainer\images\937332301_figure_large.jpg,第二章 大调和声,2-1 大调的三和弦,任意大调的三和弦,图2.11 Suggester在Ipad上的界面
谱例,2.1,E:\Documents\DeepSeeK\harmony-trainer\images\938012151_figure_large.jpg,第二章 大调和声,2-2 大调的正三和弦,和弦编配,
图,,E:\Documents\DeepSeeK\harmony-trainer\images\938012343_figure_large.jpg,第二章 大调和声,2-2 大调的正三和弦,和弦编配,
图,,E:\Documents\DeepSeeK\harmony-trainer\images\938012450_figure_large.jpg,第二章 大调和声,2-2 大调的正三和弦,和弦编配,
图,,E:\Documents\DeepSeeK\harmony-trainer\images\938012597_figure_large.jpg,第二章 大调和声,2-2 大调的正三和弦,和弦编配,
谱例,2.2,E:\Documents\DeepSeeK\harmony-trainer\images\938012698_figure_large.jpg,第二章 大调和声,2-2 大调的正三和弦,旋律音与第二定律,
谱例,2.3,E:\Documents\DeepSeeK\harmony-trainer\images\938012775_figure_large.jpg,第二章 大调和声,2-2 大调的正三和弦,旋律音与第二定律,
图,,E:\Documents\DeepSeeK\harmony-trainer\images\938012910_figure_largeshow.jpg,第二章 大调和声,2-3 副三和弦与和声套路,自然音体系,图2.24 Stephen Mugglin的大调和弦进行图
谱例,3.3,E:\Documents\DeepSeeK\harmony-trainer\images\938013329_figure_largeshow.jpg,第三章 小调和声,3-2 和声分析与小调进行,吉他六线谱,
谱例,3.16,E:\Documents\DeepSeeK\harmony-trainer\images\938014592_figure_large.jpg,第三章 小调和声,3-4 小调的借用和弦,主和弦与皮卡第终止,
图,,E:\Documents\DeepSeeK\harmony-trainer\images\938018945_figure_large.jpg,第四章 副调和弦,4-2 综合谱例与小结,大调曲例,
图,,E:\Documents\DeepSeeK\harmony-trainer\images\938019087_figure_largeshow.jpg,第四章 副调和弦,4-2 综合谱例与小结,大调曲例,
图,,E:\Documents\DeepSeeK\harmony-trainer\images\938019165_figure_largeshow.jpg,第四章 副调和弦,4-2 综合谱例与小结,大调曲例,
图,,E:\Documents\DeepSeeK\harmony-trainer\images\938019257_figure_largeshow.jpg,第四章 副调和弦,4-2 综合谱例与小结,大调曲例,
谱例,4.6,E:\Documents\DeepSeeK\harmony-trainer\images\938019314_figure_large.jpg,第四章 副调和弦,4-2 综合谱例与小结,小调曲例,
谱例,5.10,E:\Documents\DeepSeeK\harmony-trainer\images\938027991_figure_large.jpg,第五章 变化与延伸,5-2 拿坡里和弦,拿坡里和弦,
谱例,5.16,E:\Documents\DeepSeeK\harmony-trainer\images\938028068_figure_large.jpg,第五章 变化与延伸,5-2 拿坡里和弦,拿坡里和弦,
谱例,5.26,E:\Documents\DeepSeeK\harmony-trainer\images\938028704_figure_large.jpg,第五章 变化与延伸,5-3 增六和弦,特里斯坦和弦,
谱例,5.34,E:\Documents\DeepSeeK\harmony-trainer\images\938028928_figure_large.jpg,第五章 变化与延伸,5-5 爵士理论入门,高叠和弦的更多理解,
图,,E:\Documents\DeepSeeK\harmony-trainer\images\938038868_figure_largeshow.jpg,第六章 排列与连接,6-1 谐音列与音程,谐音列与音程,图6.6 钢琴相距纯八度(100Hz与200Hz)两个音的频谱
谱例,6.3,E:\Documents\DeepSeeK\harmony-trainer\images\938039073_figure_largeshow.jpg,第六章 排列与连接,6-2 音的排列,下疏上密中不空,
谱例,6.5,E:\Documents\DeepSeeK\harmony-trainer\images\938039191_figure_largeshow.jpg,第六章 排列与连接,6-2 音的排列,下疏上密中不空,
谱例,6.9,E:\Documents\DeepSeeK\harmony-trainer\images\938039390_figure_largeshow.jpg,第六章 排列与连接,6-2 音的排列,音域和演奏,
谱例,6.10,E:\Documents\DeepSeeK\harmony-trainer\images\938039498_figure_largeshow.jpg,第六章 排列与连接,6-2 音的排列,音域和演奏,
谱例,6.11,E:\Documents\DeepSeeK\harmony-trainer\images\938039583_figure_largeshow.jpg,第六章 排列与连接,6-2 音的排列,音域和演奏,
谱例,6.12,E:\Documents\DeepSeeK\harmony-trainer\images\938039730_figure_largeshow.jpg,第六章 排列与连接,6-2 音的排列,重复与省略,
谱例,6.13,E:\Documents\DeepSeeK\harmony-trainer\images\938039860_figure_largeshow.jpg,第六章 排列与连接,6-2 音的排列,重复与省略,
谱例,6.14,E:\Documents\DeepSeeK\harmony-trainer\images\938040778_figure_large.jpg,第六章 排列与连接,6-3 声部连接,声部运动的基本概念,
谱例,6.15,E:\Documents\DeepSeeK\harmony-trainer\images\938040841_figure_large.jpg,第六章 排列与连接,6-3 声部连接,声部运动的基本概念,
图,,E:\Documents\DeepSeeK\harmony-trainer\images\938041027_figure_largeshow.jpg,第六章 排列与连接,6-3 声部连接,音的趋向,图6.15 柯达伊半音阶唱名
谱例,6.19,E:\Documents\DeepSeeK\harmony-trainer\images\938041469_figure_largeshow.jpg,第六章 排列与连接,6-3 声部连接,倾向音的处理,
谱例,6.28,E:\Documents\DeepSeeK\harmony-trainer\images\938042684_figure_largeshow.jpg,第六章 排列与连接,6-4 和弦转位,终止四六和弦,
谱例,6.30,E:\Documents\DeepSeeK\harmony-trainer\images\938042957_figure_large.jpg,第六章 排列与连接,6-4 和弦转位,终止四六和弦,
图,,E:\Documents\DeepSeeK\harmony-trainer\images\938043044_figure_largeshow.jpg,第六章 排列与连接,6-4 和弦转位,终止四六和弦,图6.20 连线法安排和弦连接
谱例,6.35,E:\Documents\DeepSeeK\harmony-trainer\images\938043353_figure_large.jpg,第六章 排列与连接,6-4 和弦转位,转位与声部连接,
谱例,6.41,E:\Documents\DeepSeeK\harmony-trainer\images\938043797_figure_large.jpg,第六章 排列与连接,6-4 和弦转位,同和弦转换,
谱例,7.5,E:\Documents\DeepSeeK\harmony-trainer\images\938044549_figure_large.jpg,第七章 和弦外音,7-1 和弦外音,倚音,
谱例,5.26,E:\Documents\DeepSeeK\harmony-trainer\images\938044664_figure_large.jpg,第七章 和弦外音,7-1 和弦外音,倚音,
谱例,7.7,E:\Documents\DeepSeeK\harmony-trainer\images\938044781_figure_large.jpg,第七章 和弦外音,7-1 和弦外音,持续音,
谱例,7.8,E:\Documents\DeepSeeK\harmony-trainer\images\938044810_figure_large.jpg,第七章 和弦外音,7-1 和弦外音,持续音,
谱例,7.9,E:\Documents\DeepSeeK\harmony-trainer\images\938044925_figure_large.jpg,第七章 和弦外音,7-1 和弦外音,持续音,
谱例,7.11,E:\Documents\DeepSeeK\harmony-trainer\images\938045156_figure_large.jpg,第七章 和弦外音,7-2 经过、辅助与倚音和弦,经过和弦,
谱例,7.14,E:\Documents\DeepSeeK\harmony-trainer\images\938045482_figure_large.jpg,第七章 和弦外音,7-2 经过、辅助与倚音和弦,辅助和弦,
谱例,7.15,E:\Documents\DeepSeeK\harmony-trainer\images\938045551_figure_large.jpg,第七章 和弦外音,7-2 经过、辅助与倚音和弦,辅助和弦,
谱例,7.17,E:\Documents\DeepSeeK\harmony-trainer\images\938045799_figure_large.jpg,第七章 和弦外音,7-2 经过、辅助与倚音和弦,辅助和弦,
谱例,7.18,E:\Documents\DeepSeeK\harmony-trainer\images\938045983_figure_large.jpg,第七章 和弦外音,7-2 经过、辅助与倚音和弦,倚音和弦,
谱例,7.20,E:\Documents\DeepSeeK\harmony-trainer\images\938046339_figure_large.jpg,第七章 和弦外音,7-3 趋近和弦,五度趋近,
谱例,7.21,E:\Documents\DeepSeeK\harmony-trainer\images\938046494_figure_large.jpg,第七章 和弦外音,7-3 趋近和弦,五度趋近,
谱例,7.22,E:\Documents\DeepSeeK\harmony-trainer\images\938046637_figure_large.jpg,第七章 和弦外音,7-3 趋近和弦,五度趋近,
谱例,7.24,E:\Documents\DeepSeeK\harmony-trainer\images\938111542_figure_large.jpg,第七章 和弦外音,7-3 趋近和弦,二度趋近,
谱例,7.27,E:\Documents\DeepSeeK\harmony-trainer\images\938250309_figure_large.jpg,第七章 和弦外音,7-3 趋近和弦,共同音趋近,
谱例,7.32,E:\Documents\DeepSeeK\harmony-trainer\images\938958567_figure_large.jpg,第七章 和弦外音,7-4 平行与反向和声,7-4 平行与反向和声,
谱例,7.33,E:\Documents\DeepSeeK\harmony-trainer\images\938958618_figure_large.jpg,第七章 和弦外音,7-4 平行与反向和声,德彪西的平行和声,
图,,E:\Documents\DeepSeeK\harmony-trainer\images\938958711_figure_large.jpg,第七章 和弦外音,7-4 平行与反向和声,德彪西的平行和声,
图,,E:\Documents\DeepSeeK\harmony-trainer\images\938958873_figure_large.jpg,第七章 和弦外音,7-4 平行与反向和声,德彪西的平行和声,
谱例,7.34,E:\Documents\DeepSeeK\harmony-trainer\images\938958916_figure_large.jpg,第七章 和弦外音,7-4 平行与反向和声,平行和声的应用,
谱例,7.35,E:\Documents\DeepSeeK\harmony-trainer\images\938959034_figure_large.jpg,第七章 和弦外音,7-4 平行与反向和声,平行和声的应用,
谱例,7.36,E:\Documents\DeepSeeK\harmony-trainer\images\938959156_figure_large.jpg,第七章 和弦外音,7-4 平行与反向和声,平行和声的应用,
谱例,7.37,E:\Documents\DeepSeeK\harmony-trainer\images\938959284_figure_large.jpg,第七章 和弦外音,7-4 平行与反向和声,平行和声的应用,
谱例,7.38,E:\Documents\DeepSeeK\harmony-trainer\images\938959319_figure_large.jpg,第七章 和弦外音,7-4 平行与反向和声,平行和声的应用,
谱例,7.41,E:\Documents\DeepSeeK\harmony-trainer\images\938959562_figure_large.jpg,第七章 和弦外音,7-4 平行与反向和声,反向和声,
谱例,7.44,E:\Documents\DeepSeeK\harmony-trainer\images\938959693_figure_large.jpg,第七章 和弦外音,7-4 平行与反向和声,平行、反向与循环,
图,,E:\Documents\DeepSeeK\harmony-trainer\images\938959789_figure_largeshow.jpg,第七章 和弦外音,7-4 平行与反向和声,平行、反向与循环,图7.11 大巴车进行的循环
谱例,7.45,E:\Documents\DeepSeeK\harmony-trainer\images\938959991_figure_large.jpg,第七章 和弦外音,7-4 平行与反向和声,平行、反向与循环,
谱例,7.41,E:\Documents\DeepSeeK\harmony-trainer\images\938960083_figure_large.jpg,第七章 和弦外音,7-4 平行与反向和声,平行、反向与循环,
谱例,7.47,E:\Documents\DeepSeeK\harmony-trainer\images\938960495_figure_largeshow.jpg,第七章 和弦外音,7-5 非三度和声,延留与先现和弦,
谱例,7.48,E:\Documents\DeepSeeK\harmony-trainer\images\938960578_figure_large.jpg,第七章 和弦外音,7-5 非三度和声,延留与先现和弦,
谱例,7.49,E:\Documents\DeepSeeK\harmony-trainer\images\938960612_figure_large.jpg,第七章 和弦外音,7-5 非三度和声,挂留和弦,
图,,E:\Documents\DeepSeeK\harmony-trainer\images\938960742_figure_large.jpg,第七章 和弦外音,7-5 非三度和声,挂留和弦,图7.14 三和弦与七和弦的挂留
谱例,3.16,E:\Documents\DeepSeeK\harmony-trainer\images\938961034_figure_large.jpg,第七章 和弦外音,7-5 非三度和声,挂留和弦,
谱例,7.61,E:\Documents\DeepSeeK\harmony-trainer\images\938963057_figure_large.jpg,第七章 和弦外音,7-5 非三度和声,二度和声与音簇,
图,,E:\Documents\DeepSeeK\harmony-trainer\images\939220350_figure_largeshow.jpg,第八章 和弦变换,8-1 三和弦的变换（上）,三元变换,图8.1 C与Am的三元变换
谱例,8.1,E:\Documents\DeepSeeK\harmony-trainer\images\939221249_figure_large.jpg,第八章 和弦变换,8-1 三和弦的变换（上）,三元变换,
图,,E:\Documents\DeepSeeK\harmony-trainer\images\939221465_figure_largeshow.jpg,第八章 和弦变换,8-1 三和弦的变换（上）,多步变换与进行的强弱,图8.2 C与Am变换到属、下属和弦
图,,E:\Documents\DeepSeeK\harmony-trainer\images\939221583_figure_large.jpg,第八章 和弦变换,8-1 三和弦的变换（上）,多步变换与进行的强弱,图8.3 C与Am变换到二度、三全音和弦
谱例,8.2,E:\Documents\DeepSeeK\harmony-trainer\images\939221858_figure_large.jpg,第八章 和弦变换,8-1 三和弦的变换（上）,多步变换与进行的强弱,
图,,E:\Documents\DeepSeeK\harmony-trainer\images\939221959_figure_large.jpg,第八章 和弦变换,8-1 三和弦的变换（上）,多步变换与进行的强弱,图8.4 C、Am到各和弦的变换步数
图,,E:\Documents\DeepSeeK\harmony-trainer\images\939222030_figure_largeshow.jpg,第八章 和弦变换,8-1 三和弦的变换（上）,对角关系,图8.5 C、Am的对角关系
谱例,8.4,E:\Documents\DeepSeeK\harmony-trainer\images\939222178_figure_large.jpg,第八章 和弦变换,8-1 三和弦的变换（上）,对角关系,
图,,E:\Documents\DeepSeeK\harmony-trainer\images\939222711_figure_largeshow.jpg,第八章 和弦变换,8-1 三和弦的变换（上）,中音关系,图8.6 C和Am的变化中音关系
谱例,8.5,E:\Documents\DeepSeeK\harmony-trainer\images\939223272_figure_large.jpg,第八章 和弦变换,8-1 三和弦的变换（上）,中音关系,
图,,E:\Documents\DeepSeeK\harmony-trainer\images\939223580_figure_largeshow.jpg,第八章 和弦变换,8-1 三和弦的变换（上）,中音关系,图8.7 C和Am的二重变化中音关系
谱例,8.6,E:\Documents\DeepSeeK\harmony-trainer\images\939224441_figure_large.jpg,第八章 和弦变换,8-1 三和弦的变换（上）,中音关系,
图,,E:\Documents\DeepSeeK\harmony-trainer\images\939225145_figure_largeshow.jpg,第八章 和弦变换,8-1 三和弦的变换（上）,大三度循环,图8.8 北方循环
谱例,8.9,E:\Documents\DeepSeeK\harmony-trainer\images\939225870_figure_large.jpg,第八章 和弦变换,8-1 三和弦的变换（上）,大三度循环,
图,,E:\Documents\DeepSeeK\harmony-trainer\images\939226122_figure_large.jpg,第八章 和弦变换,8-1 三和弦的变换（上）,大三度循环,图8.9 四个大三度循环变换
图,,E:\Documents\DeepSeeK\harmony-trainer\images\939227341_figure_largeshow.jpg,第八章 和弦变换,8-1 三和弦的变换（上）,小三度循环与巴托克轴心,图8.10 C出发的小三度循环
图,,E:\Documents\DeepSeeK\harmony-trainer\images\939227664_figure_large.jpg,第八章 和弦变换,8-1 三和弦的变换（上）,小三度循环与巴托克轴心,图8.11 C大调的巴托克轴心
图,,E:\Documents\DeepSeeK\harmony-trainer\images\939227950_figure_largeshow.jpg,第八章 和弦变换,8-1 三和弦的变换（上）,小三度循环与巴托克轴心,图8.12 巴托克轴心与大三度循环
图,,E:\Documents\DeepSeeK\harmony-trainer\images\939230560_figure_largeshow.jpg,第八章 和弦变换,8-2 三和弦的变换（下）,同族三和弦,图8.14 C族的六个三和弦
图,,E:\Documents\DeepSeeK\harmony-trainer\images\939231572_figure_largeshow.jpg,第八章 和弦变换,8-2 三和弦的变换（下）,和弦音的升降变换,图8.18 三和弦的三维网络
谱例,8.20,E:\Documents\DeepSeeK\harmony-trainer\images\939232975_figure_large.jpg,第八章 和弦变换,8-2 三和弦的变换（下）,半音滑动,
图,,E:\Documents\DeepSeeK\harmony-trainer\images\939233604_figure_largeshow.jpg,第八章 和弦变换,8-2 三和弦的变换（下）,增三和弦的游移,图8.20 三和弦的“方块之舞”
图,,E:\Documents\DeepSeeK\harmony-trainer\images\939234311_figure_largeshow.jpg,第八章 和弦变换,8-2 三和弦的变换（下）,增三和弦的游移,图8.21 四组等音的增三和弦
图,,E:\Documents\DeepSeeK\harmony-trainer\images\939238054_figure_largeshow.jpg,第八章 和弦变换,8-2 三和弦的变换（下）,增三和弦的游移,图8.22 C+与24个大、小三和弦
图,,E:\Documents\DeepSeeK\harmony-trainer\images\939238342_figure_large.jpg,第八章 和弦变换,8-2 三和弦的变换（下）,和弦空间,图8.23 正方网格与三角形网格
图,,E:\Documents\DeepSeeK\harmony-trainer\images\939238433_figure_large.jpg,第八章 和弦变换,8-2 三和弦的变换（下）,和弦空间,图8.24 一些使用同构键盘的乐器
图,,E:\Documents\DeepSeeK\harmony-trainer\images\939238597_figure_largeshow.jpg,第八章 和弦变换,8-2 三和弦的变换（下）,和弦空间,图8.25 钢琴及同构键盘上的G7、A♭7
图,,E:\Documents\DeepSeeK\harmony-trainer\images\939241535_figure_largeshow.jpg,第八章 和弦变换,8-3 七和弦的变换,减七和弦的游移,图8.34 减七和弦与属七、半减七和弦的关系
图,,E:\Documents\DeepSeeK\harmony-trainer\images\939241690_figure_large.jpg,第八章 和弦变换,8-3 七和弦的变换,减七和弦的游移,图8.35 减七、半减七、小七、属七和弦的变换关系
图,,E:\Documents\DeepSeeK\harmony-trainer\images\939241736_figure_largeshow.jpg,第八章 和弦变换,8-3 七和弦的变换,减七和弦的游移,图8.36 七和弦“输电塔”
图,,E:\Documents\DeepSeeK\harmony-trainer\images\939241810_figure_largeshow.jpg,第八章 和弦变换,8-3 七和弦的变换,减七和弦的游移,图8.37 B°7与24个调、24个大、小三和弦的关系
图,,E:\Documents\DeepSeeK\harmony-trainer\images\939241983_figure_largeshow.jpg,第八章 和弦变换,8-3 七和弦的变换,减七和弦的游移,图8.38 C、Cm可以进行到的减七和弦
图,,E:\Documents\DeepSeeK\harmony-trainer\images\939242009_figure_largeshow.jpg,第八章 和弦变换,8-3 七和弦的变换,减七和弦的游移,图8.39 减七和弦的枢纽作用
图,,E:\Documents\DeepSeeK\harmony-trainer\images\939242192_figure_largeshow.jpg,第八章 和弦变换,8-3 七和弦的变换,属七和弦的游移,图8.40 G7与24个大、小三和弦
图,,E:\Documents\DeepSeeK\harmony-trainer\images\939242331_figure_largeshow.jpg,第八章 和弦变换,8-3 七和弦的变换,属七和弦的游移,图8.41 属七和弦的枢纽作用
谱例,8.25,E:\Documents\DeepSeeK\harmony-trainer\images\939242476_figure_large.jpg,第八章 和弦变换,8-3 七和弦的变换,属七和弦的游移,
谱例,7.33,E:\Documents\DeepSeeK\harmony-trainer\images\939242527_figure_large.jpg,第八章 和弦变换,8-4 平移与倒影,平移变换,
图,,E:\Documents\DeepSeeK\harmony-trainer\images\939242603_figure_largeshow.jpg,第八章 和弦变换,8-4 平移与倒影,平移变换,图8.45 平行的属七和弦
图,,E:\Documents\DeepSeeK\harmony-trainer\images\939242746_figure_largeshow.jpg,第八章 和弦变换,8-4 平移与倒影,平移变换,图8.46 C和弦的平移变换
谱例,8.34,E:\Documents\DeepSeeK\harmony-trainer\images\939242823_figure_large.jpg,第八章 和弦变换,8-4 平移与倒影,平移变换,
图,,E:\Documents\DeepSeeK\harmony-trainer\images\939242961_figure_large.jpg,第八章 和弦变换,8-4 平移与倒影,倒影与沉音列,图8.47 C、C7和弦以C音为轴的倒影
谱例,8.35,E:\Documents\DeepSeeK\harmony-trainer\images\939243092_figure_large.jpg,第八章 和弦变换,8-4 平移与倒影,倒影与沉音列,
图,,E:\Documents\DeepSeeK\harmony-trainer\images\939243112_figure_large.jpg,第八章 和弦变换,8-4 平移与倒影,倒影与沉音列,图8.48 泛音列、沉音列与音程、和弦
图,,E:\Documents\DeepSeeK\harmony-trainer\images\939243263_figure_large.jpg,第八章 和弦变换,8-4 平移与倒影,对称变换,图8.49 C、C7和弦以C音为中心的对称
图,,E:\Documents\DeepSeeK\harmony-trainer\images\939243337_figure_largeshow.jpg,第八章 和弦变换,8-4 平移与倒影,对称变换,图8.50 几个对称和弦的倒影
谱例,8.36,E:\Documents\DeepSeeK\harmony-trainer\images\939243493_figure_large.jpg,第八章 和弦变换,8-4 平移与倒影,对称变换,
图,,E:\Documents\DeepSeeK\harmony-trainer\images\939243520_figure_large.jpg,第八章 和弦变换,8-4 平移与倒影,负和声,图8.51 C、C7和弦的翻转
图,,E:\Documents\DeepSeeK\harmony-trainer\images\939243608_figure_large.jpg,第八章 和弦变换,8-4 平移与倒影,负和声,图8.52 C大调的负和声
谱例,8.38,E:\Documents\DeepSeeK\harmony-trainer\images\939243783_figure_large.jpg,第八章 和弦变换,8-4 平移与倒影,负和声,
图,,E:\Documents\DeepSeeK\harmony-trainer\images\939243856_figure_large.jpg,第八章 和弦变换,8-4 平移与倒影,负和声,图8.53 G7的负和声
图,,E:\Documents\DeepSeeK\harmony-trainer\images\939244475_figure_large.jpg,第八章 和弦变换,8-4 平移与倒影,负和声,图8.54 a小调的镜像和声
谱例,9.1,E:\Documents\DeepSeeK\harmony-trainer\images\939244557_figure_largeshow.jpg,第九章 音乐的结构,9-1 动机及其发展,动机和主题,
谱例,9.2,E:\Documents\DeepSeeK\harmony-trainer\images\939244622_figure_large.jpg,第九章 音乐的结构,9-1 动机及其发展,动机和主题,
谱例,9.3,E:\Documents\DeepSeeK\harmony-trainer\images\939244719_figure_large.jpg,第九章 音乐的结构,9-1 动机及其发展,反复与变奏,
谱例,2.1,E:\Documents\DeepSeeK\harmony-trainer\images\939244800_figure_large.jpg,第九章 音乐的结构,9-1 动机及其发展,反复与变奏,
谱例,9.4,E:\Documents\DeepSeeK\harmony-trainer\images\939244908_figure_large.jpg,第九章 音乐的结构,9-1 动机及其发展,反复与变奏,
图,,E:\Documents\DeepSeeK\harmony-trainer\images\939245022_figure_large.jpg,第九章 音乐的结构,9-1 动机及其发展,反复与变奏,
图,,E:\Documents\DeepSeeK\harmony-trainer\images\939245121_figure_large.jpg,第九章 音乐的结构,9-1 动机及其发展,反复与变奏,
图,,E:\Documents\DeepSeeK\harmony-trainer\images\939245403_figure_large.jpg,第九章 音乐的结构,9-1 动机及其发展,反复与变奏,
图,,E:\Documents\DeepSeeK\harmony-trainer\images\939245503_figure_large.jpg,第九章 音乐的结构,9-1 动机及其发展,反复与变奏,
图,,E:\Documents\DeepSeeK\harmony-trainer\images\939245693_figure_large.jpg,第九章 音乐的结构,9-1 动机及其发展,反复与变奏,
图,,E:\Documents\DeepSeeK\harmony-trainer\images\939245752_figure_large.jpg,第九章 音乐的结构,9-1 动机及其发展,反复与变奏,
谱例,9.5,E:\Documents\DeepSeeK\harmony-trainer\images\939245836_figure_large.jpg,第九章 音乐的结构,9-1 动机及其发展,模进,
谱例,9.6,E:\Documents\DeepSeeK\harmony-trainer\images\939245991_figure_large.jpg,第九章 音乐的结构,9-1 动机及其发展,模进,
谱例,9.7,E:\Documents\DeepSeeK\harmony-trainer\images\939246016_figure_large.jpg,第九章 音乐的结构,9-1 动机及其发展,模进,
谱例,9.8,E:\Documents\DeepSeeK\harmony-trainer\images\939246169_figure_large.jpg,第九章 音乐的结构,9-1 动机及其发展,模进,
谱例,9.9,E:\Documents\DeepSeeK\harmony-trainer\images\939246237_figure_large.jpg,第九章 音乐的结构,9-1 动机及其发展,和声模进,
谱例,9.10,E:\Documents\DeepSeeK\harmony-trainer\images\939246321_figure_large.jpg,第九章 音乐的结构,9-1 动机及其发展,和声模进,
谱例,9.11,E:\Documents\DeepSeeK\harmony-trainer\images\939246498_figure_large.jpg,第九章 音乐的结构,9-1 动机及其发展,和声模进,
图,,E:\Documents\DeepSeeK\harmony-trainer\images\939246509_figure_largeshow.jpg,第九章 音乐的结构,9-2 卡农与赋格,主调与复调,图9.1 主调音乐的结构模式
图,,E:\Documents\DeepSeeK\harmony-trainer\images\939246622_figure_largeshow.jpg,第九章 音乐的结构,9-2 卡农与赋格,主调与复调,图9.2 复调音乐的结构模式
谱例,9.13,E:\Documents\DeepSeeK\harmony-trainer\images\939249866_figure_large.jpg,第九章 音乐的结构,9-2 卡农与赋格,主调与复调,
谱例,9.14,E:\Documents\DeepSeeK\harmony-trainer\images\939250048_figure_largeshow.jpg,第九章 音乐的结构,9-2 卡农与赋格,卡农,
图,,E:\Documents\DeepSeeK\harmony-trainer\images\939250234_figure_largeshow.jpg,第九章 音乐的结构,9-2 卡农与赋格,卡农,图9.3 轮唱卡农
图,,E:\Documents\DeepSeeK\harmony-trainer\images\939250346_figure_largeshow.jpg,第九章 音乐的结构,9-2 卡农与赋格,卡农,图9.4 变格卡农的常见形式
谱例,9.15,E:\Documents\DeepSeeK\harmony-trainer\images\939250434_figure_largeshow.jpg,第九章 音乐的结构,9-2 卡农与赋格,卡农,
谱例,9.16,E:\Documents\DeepSeeK\harmony-trainer\images\939250514_figure_large.jpg,第九章 音乐的结构,9-2 卡农与赋格,卡农,
谱例,9.17,E:\Documents\DeepSeeK\harmony-trainer\images\939250749_figure_large.jpg,第九章 音乐的结构,9-2 卡农与赋格,赋格,
谱例,9.18,E:\Documents\DeepSeeK\harmony-trainer\images\939251543_figure_large.jpg,第九章 音乐的结构,9-2 卡农与赋格,赋格,
图,,E:\Documents\DeepSeeK\harmony-trainer\images\939386849_figure_largeshow.jpg,第九章 音乐的结构,9-2 卡农与赋格,织体,图9.6 复调与主调统一于织体
谱例,9.19,E:\Documents\DeepSeeK\harmony-trainer\images\939677782_figure_large.jpg,第九章 音乐的结构,9-2 卡农与赋格,织体,
图,,E:\Documents\DeepSeeK\harmony-trainer\images\939677818_figure_large.jpg,第九章 音乐的结构,9-2 卡农与赋格,织体,
图,,E:\Documents\DeepSeeK\harmony-trainer\images\939678031_figure_large.jpg,第九章 音乐的结构,9-2 卡农与赋格,织体,
图,,E:\Documents\DeepSeeK\harmony-trainer\images\939678342_figure_largeshow.jpg,第九章 音乐的结构,9-3 织体的种类与层次,9-3 织体的种类与层次,图9.7 不同花纹和质地的毛衣
谱例,9.20,E:\Documents\DeepSeeK\harmony-trainer\images\939678577_figure_large.jpg,第九章 音乐的结构,9-3 织体的种类与层次,织体的类型,
谱例,9.22,E:\Documents\DeepSeeK\harmony-trainer\images\939678734_figure_large.jpg,第九章 音乐的结构,9-3 织体的种类与层次,织体的类型,
谱例,9.23,E:\Documents\DeepSeeK\harmony-trainer\images\939678861_figure_large.jpg,第九章 音乐的结构,9-3 织体的种类与层次,织体的类型,
谱例,9.24,E:\Documents\DeepSeeK\harmony-trainer\images\939678991_figure_large.jpg,第九章 音乐的结构,9-3 织体的种类与层次,织体的类型,
谱例,9.25,E:\Documents\DeepSeeK\harmony-trainer\images\939679112_figure_large.jpg,第九章 音乐的结构,9-3 织体的种类与层次,如何看总谱,
谱例,9.26,E:\Documents\DeepSeeK\harmony-trainer\images\939679264_figure_large.jpg,第九章 音乐的结构,9-3 织体的种类与层次,如何看总谱,
谱例,9.27,E:\Documents\DeepSeeK\harmony-trainer\images\939679348_figure_large.jpg,第九章 音乐的结构,9-3 织体的种类与层次,如何看总谱,
谱例,9.28,E:\Documents\DeepSeeK\harmony-trainer\images\939679459_figure_largeshow.jpg,第九章 音乐的结构,9-3 织体的种类与层次,如何看总谱,
谱例,9.29,E:\Documents\DeepSeeK\harmony-trainer\images\939679587_figure_large.jpg,第九章 音乐的结构,9-3 织体的种类与层次,乐谱的缩编,
图,,E:\Documents\DeepSeeK\harmony-trainer\images\939679616_figure_large.jpg,第九章 音乐的结构,9-3 织体的种类与层次,乐谱的缩编,
图,,E:\Documents\DeepSeeK\harmony-trainer\images\939680101_figure_large.jpg,第九章 音乐的结构,9-3 织体的种类与层次,乐谱的缩编,
图,,E:\Documents\DeepSeeK\harmony-trainer\images\939682952_figure_large.jpg,第九章 音乐的结构,9-3 织体的种类与层次,乐谱的缩编,
图,,E:\Documents\DeepSeeK\harmony-trainer\images\939683247_figure_large.jpg,第九章 音乐的结构,9-3 织体的种类与层次,乐谱的缩编,
图,,E:\Documents\DeepSeeK\harmony-trainer\images\939683466_figure_large.jpg,第九章 音乐的结构,9-3 织体的种类与层次,乐谱的缩编,
图,,E:\Documents\DeepSeeK\harmony-trainer\images\939683583_figure_largeshow.jpg,第九章 音乐的结构,9-3 织体的种类与层次,乐谱的缩编,图9.10 钢琴卷帘
谱例,9.30,E:\Documents\DeepSeeK\harmony-trainer\images\939684541_figure_large.jpg,第九章 音乐的结构,9-4 旋律线的创作,2. 旋律运动,
谱例,9.31,E:\Documents\DeepSeeK\harmony-trainer\images\939684612_figure_large.jpg,第九章 音乐的结构,9-4 旋律线的创作,2. 旋律运动,
谱例,9.32,E:\Documents\DeepSeeK\harmony-trainer\images\939709185_figure_largeshow.jpg,第九章 音乐的结构,9-4 旋律线的创作,2. 旋律运动,
谱例,9.34,E:\Documents\DeepSeeK\harmony-trainer\images\939712403_figure_large.jpg,第九章 音乐的结构,9-4 旋律线的创作,2. 旋律运动,
谱例,9.33,E:\Documents\DeepSeeK\harmony-trainer\images\939712586_figure_large.jpg,第九章 音乐的结构,9-4 旋律线的创作,2. 旋律运动,
图,,E:\Documents\DeepSeeK\harmony-trainer\images\939712732_figure_largeshow.jpg,第九章 音乐的结构,9-4 旋律线的创作,2. 旋律运动,图9.11 旋律线的常见走势
谱例,9.36,E:\Documents\DeepSeeK\harmony-trainer\images\939712825_figure_large.jpg,第九章 音乐的结构,9-4 旋律线的创作,从旋律出发的创作,
谱例,9.37,E:\Documents\DeepSeeK\harmony-trainer\images\939713084_figure_large.jpg,第九章 音乐的结构,9-4 旋律线的创作,从旋律出发的创作,
谱例,9.38,E:\Documents\DeepSeeK\harmony-trainer\images\939713109_figure_large.jpg,第九章 音乐的结构,9-4 旋律线的创作,从和声出发的创作,
谱例,9.43,E:\Documents\DeepSeeK\harmony-trainer\images\940203116_figure_largeshow.jpg,第九章 音乐的结构,9-4 旋律线的创作,副旋律的创作,
图,,E:\Documents\DeepSeeK\harmony-trainer\images\940203352_figure_large.jpg,第九章 音乐的结构,9-4 旋律线的创作,副旋律的创作,图9.12 平行模仿（左）与和声旋律化（右）产生的副旋律
谱例,9.44,E:\Documents\DeepSeeK\harmony-trainer\images\940203451_figure_large.jpg,第九章 音乐的结构,9-4 旋律线的创作,副旋律的创作,
图,,E:\Documents\DeepSeeK\harmony-trainer\images\940203557_figure_large.jpg,第九章 音乐的结构,9-4 旋律线的创作,副旋律的创作,
谱例,9.38,E:\Documents\DeepSeeK\harmony-trainer\images\940203660_figure_large.jpg,第九章 音乐的结构,9-4 旋律线的创作,副旋律的创作,
谱例,9.45,E:\Documents\DeepSeeK\harmony-trainer\images\940204124_figure_large.jpg,第九章 音乐的结构,9-4 旋律线的创作,副旋律的创作,
谱例,9.46,E:\Documents\DeepSeeK\harmony-trainer\images\940204295_figure_large.jpg,第九章 音乐的结构,9-5 从节拍到节奏型,节奏与节拍,
图,,E:\Documents\DeepSeeK\harmony-trainer\images\940204335_figure_large.jpg,第九章 音乐的结构,9-5 从节拍到节奏型,节奏与节拍,
图,,E:\Documents\DeepSeeK\harmony-trainer\images\940204408_figure_large.jpg,第九章 音乐的结构,9-5 从节拍到节奏型,节奏与节拍,
谱例,9.50,E:\Documents\DeepSeeK\harmony-trainer\images\940205888_figure_large.jpg,第九章 音乐的结构,9-5 从节拍到节奏型,其它拍子种类,
谱例,9.55,E:\Documents\DeepSeeK\harmony-trainer\images\940215885_figure_large.jpg,第九章 音乐的结构,9-5 从节拍到节奏型,切分与弱起,
谱例,9.57,E:\Documents\DeepSeeK\harmony-trainer\images\940216104_figure_large.jpg,第九章 音乐的结构,9-5 从节拍到节奏型,切分与弱起,
谱例,9.58,E:\Documents\DeepSeeK\harmony-trainer\images\940216217_figure_large.jpg,第九章 音乐的结构,9-5 从节拍到节奏型,切分与弱起,
谱例,9.60,E:\Documents\DeepSeeK\harmony-trainer\images\941795420_figure_large.jpg,第九章 音乐的结构,9-5 从节拍到节奏型,爵士的律动,
谱例,9.63,E:\Documents\DeepSeeK\harmony-trainer\images\941795751_figure_large.jpg,第九章 音乐的结构,9-5 从节拍到节奏型,爵士的律动,
谱例,9.68,E:\Documents\DeepSeeK\harmony-trainer\images\941796924_figure_large.jpg,第九章 音乐的结构,9-5 从节拍到节奏型,节拍与节奏的创新,
谱例,9.69,E:\Documents\DeepSeeK\harmony-trainer\images\941797079_figure_large.jpg,第九章 音乐的结构,9-6 和弦的伴奏音型,9-6 和弦的伴奏音型,
谱例,9.70,E:\Documents\DeepSeeK\harmony-trainer\images\941797169_figure_large.jpg,第九章 音乐的结构,9-6 和弦的伴奏音型,柱式和弦,
谱例,9.72,E:\Documents\DeepSeeK\harmony-trainer\images\941797367_figure_large.jpg,第九章 音乐的结构,9-6 和弦的伴奏音型,柱式和弦,
谱例,9.73,E:\Documents\DeepSeeK\harmony-trainer\images\941797486_figure_large.jpg,第九章 音乐的结构,9-6 和弦的伴奏音型,柱式和弦,
谱例,9.74,E:\Documents\DeepSeeK\harmony-trainer\images\941797594_figure_large.jpg,第九章 音乐的结构,9-6 和弦的伴奏音型,柱式和弦,
谱例,9.77,E:\Documents\DeepSeeK\harmony-trainer\images\941797872_figure_large.jpg,第九章 音乐的结构,9-6 和弦的伴奏音型,半分解和弦,
谱例,9.78,E:\Documents\DeepSeeK\harmony-trainer\images\941797922_figure_large.jpg,第九章 音乐的结构,9-6 和弦的伴奏音型,半分解和弦,
谱例,9.79,E:\Documents\DeepSeeK\harmony-trainer\images\941798017_figure_largeshow.jpg,第九章 音乐的结构,9-6 和弦的伴奏音型,分解和弦,
谱例,9.81,E:\Documents\DeepSeeK\harmony-trainer\images\941798503_figure_large.jpg,第九章 音乐的结构,9-6 和弦的伴奏音型,分解和弦,
谱例,9.83,E:\Documents\DeepSeeK\harmony-trainer\images\941798678_figure_large.jpg,第九章 音乐的结构,9-6 和弦的伴奏音型,分解和弦,
谱例,9.84,E:\Documents\DeepSeeK\harmony-trainer\images\941798760_figure_large.jpg,第九章 音乐的结构,9-6 和弦的伴奏音型,分解和弦,
谱例,9.87,E:\Documents\DeepSeeK\harmony-trainer\images\941800433_figure_large.jpg,第九章 音乐的结构,9-6 和弦的伴奏音型,1. 快速跑动,
谱例,9.88,E:\Documents\DeepSeeK\harmony-trainer\images\941800562_figure_large.jpg,第九章 音乐的结构,9-6 和弦的伴奏音型,1. 快速跑动,
谱例,9.89,E:\Documents\DeepSeeK\harmony-trainer\images\941800662_figure_large.jpg,第九章 音乐的结构,9-6 和弦的伴奏音型,2. 琶音与刮奏,
谱例,9.90,E:\Documents\DeepSeeK\harmony-trainer\images\941800722_figure_large.jpg,第九章 音乐的结构,9-6 和弦的伴奏音型,2. 琶音与刮奏,
谱例,9.91,E:\Documents\DeepSeeK\harmony-trainer\images\941801020_figure_large.jpg,第九章 音乐的结构,9-6 和弦的伴奏音型,2. 琶音与刮奏,
谱例,9.93,E:\Documents\DeepSeeK\harmony-trainer\images\941801224_figure_largeshow.jpg,第九章 音乐的结构,9-6 和弦的伴奏音型,3. 快速交替,
谱例,9.95,E:\Documents\DeepSeeK\harmony-trainer\images\941801637_figure_large.jpg,第九章 音乐的结构,9-6 和弦的伴奏音型,3. 快速交替,
谱例,9.96,E:\Documents\DeepSeeK\harmony-trainer\images\941801781_figure_large.jpg,第九章 音乐的结构,9-6 和弦的伴奏音型,4. 双音、八度及和弦,
谱例,9.97,E:\Documents\DeepSeeK\harmony-trainer\images\941801845_figure_large.jpg,第九章 音乐的结构,9-6 和弦的伴奏音型,4. 双音、八度及和弦,
谱例,9.98,E:\Documents\DeepSeeK\harmony-trainer\images\941801916_figure_large.jpg,第九章 音乐的结构,9-6 和弦的伴奏音型,4. 双音、八度及和弦,
谱例,9.99,E:\Documents\DeepSeeK\harmony-trainer\images\941802097_figure_large.jpg,第九章 音乐的结构,9-6 和弦的伴奏音型,4. 双音、八度及和弦,
谱例,9.100,E:\Documents\DeepSeeK\harmony-trainer\images\941802145_figure_large.jpg,第九章 音乐的结构,9-7 曲式简介,乐句与乐段,
谱例,9.101,E:\Documents\DeepSeeK\harmony-trainer\images\941802280_figure_large.jpg,第九章 音乐的结构,9-7 曲式简介,乐句与乐段,
谱例,9.102,E:\Documents\DeepSeeK\harmony-trainer\images\941802327_figure_large.jpg,第九章 音乐的结构,9-7 曲式简介,乐句与乐段,
谱例,9.103,E:\Documents\DeepSeeK\harmony-trainer\images\941802408_figure_largeshow.jpg,第九章 音乐的结构,9-7 曲式简介,乐句与乐段,
谱例,9.106,E:\Documents\DeepSeeK\harmony-trainer\images\941802651_figure_large.jpg,第九章 音乐的结构,9-7 曲式简介,四个乐句的各种结构,
谱例,9.107,E:\Documents\DeepSeeK\harmony-trainer\images\941802788_figure_large.jpg,第九章 音乐的结构,9-7 曲式简介,四个乐句的各种结构,
谱例,9.108,E:\Documents\DeepSeeK\harmony-trainer\images\941802860_figure_large.jpg,第九章 音乐的结构,9-7 曲式简介,32小节体,
图,,E:\Documents\DeepSeeK\harmony-trainer\images\941802926_figure_largeshow.jpg,第九章 音乐的结构,9-7 曲式简介,32小节体,图9.15 单二部曲式与复二部曲式
图,,E:\Documents\DeepSeeK\harmony-trainer\images\941803015_figure_large.jpg,第九章 音乐的结构,9-7 曲式简介,32小节体,图9.16 32小节体的结构模式
图,,E:\Documents\DeepSeeK\harmony-trainer\images\941803135_figure_large.jpg,第九章 音乐的结构,9-7 曲式简介,主歌—副歌体,图9.17 主歌—副歌体的结构模式
图,,E:\Documents\DeepSeeK\harmony-trainer\images\941803362_figure_large.jpg,第九章 音乐的结构,9-7 曲式简介,奏鸣曲式,图9.18 奏鸣曲式的结构模式
图,,E:\Documents\DeepSeeK\harmony-trainer\images\941803580_figure_large.jpg,第九章 音乐的结构,9-7 曲式简介,奏鸣曲式,
图,,E:\Documents\DeepSeeK\harmony-trainer\images\941803785_figure_large.jpg,第九章 音乐的结构,9-7 曲式简介,奏鸣曲式,图9.19 小提琴协奏曲《梁山伯与祝英台》的结构
图,,E:\Documents\DeepSeeK\harmony-trainer\images\941804295_figure_large.jpg,第十章 基础篇总结,10-1 基础和声总结,从和弦到编曲,图10.4 综合列表分析或安排编曲
图,,E:\Documents\DeepSeeK\harmony-trainer\images\941804399_figure_large.jpg,第十章 基础篇总结,10-1 基础和声总结,从和弦到编曲,图10.5 五大要素分析或安排编曲
图,,E:\Documents\DeepSeeK\harmony-trainer\images\941804516_figure_largeshow.jpg,第十章 基础篇总结,10-1 基础和声总结,和声的发展历史,图10.7 音乐各时代的和声风格
图,,E:\Documents\DeepSeeK\harmony-trainer\images\941804821_figure_largeshow.jpg,第十章 基础篇总结,10-2 结语,音乐是什么,图10.10 蒙马特的手风琴女与老者
图,,E:\Documents\DeepSeeK\harmony-trainer\images\941804984_figure_largeshow.jpg,第十章 基础篇总结,10-2 结语,音乐是什么,图10.11 巴黎地铁的通道
图,,E:\Documents\DeepSeeK\harmony-trainer\images\942001909_figure_large.jpg,附录,附录一 附图,1. 十二平均律的半音与五度圈循环,
图,,E:\Documents\DeepSeeK\harmony-trainer\images\942002105_figure_large.jpg,附录,附录一 附图,3. 大小调的音程关系,
图,,E:\Documents\DeepSeeK\harmony-trainer\images\942016582_figure_large.jpg,附录,附录一 附图,5. 空白网格图,
图,,E:\Documents\DeepSeeK\harmony-trainer\images\942016676_figure_largeshow.jpg,附录,附录一 附图,6. 大小调在网格图中的模式,
图,,E:\Documents\DeepSeeK\harmony-trainer\images\942018234_figure_largeshow.jpg,附录,附录二 音与音名,乐音的四要素,图II.1 声音的气压与波形
图,,E:\Documents\DeepSeeK\harmony-trainer\images\942018480_figure_largeshow.jpg,附录,附录二 音与音名,响度,图II.3 人类的听觉面积
图,,E:\Documents\DeepSeeK\harmony-trainer\images\942018943_figure_largeshow.jpg,附录,附录二 音与音名,音色与时值,图II.4 声音的波形与频谱
图,,E:\Documents\DeepSeeK\harmony-trainer\images\942019119_figure_largeshow.jpg,附录,附录二 音与音名,音色与时值,图II.5 小提琴与长笛G4音的频谱图
图,,E:\Documents\DeepSeeK\harmony-trainer\images\942019221_figure_largeshow.jpg,附录,附录二 音与音名,音色与时值,图II.6 ADSR包络线与时值
图,,E:\Documents\DeepSeeK\harmony-trainer\images\942019424_figure_largeshow.jpg,附录,附录二 音与音名,音色与时值,图II.7 一些音色的包络线
图,,E:\Documents\DeepSeeK\harmony-trainer\images\942019545_figure_large.jpg,附录,附录二 音与音名,音色与时值,图II.8 钢琴与小军鼓的声谱图
图,,E:\Documents\DeepSeeK\harmony-trainer\images\942019689_figure_largeshow.jpg,附录,附录二 音与音名,音高与音名系统,图II.11 十二平均律下的音名与频率
图,,E:\Documents\DeepSeeK\harmony-trainer\images\942019892_figure_largeshow.jpg,附录,附录三 图上的音程与连接法,网格图上的音程,图III.1 转位音程与半音数
图,,E:\Documents\DeepSeeK\harmony-trainer\images\942019959_figure_largeshow.jpg,附录,附录三 图上的音程与连接法,网格图上的音程,图III.2 C的“近关系音”
图,,E:\Documents\DeepSeeK\harmony-trainer\images\942023049_figure_largeshow.jpg,附录,附录三 图上的音程与连接法,网格图上的音程,图III.3 C的纯一度/纯八度晶格
图,,E:\Documents\DeepSeeK\harmony-trainer\images\942023130_figure_largeshow.jpg,附录,附录三 图上的音程与连接法,网格图上的音程,图III.4 C的三全音音程与另一种晶格
图,,E:\Documents\DeepSeeK\harmony-trainer\images\942023333_figure_large.jpg,附录,附录三 图上的音程与连接法,网格图上的音程,图III.5 C的大二度/小七度晶格
图,,E:\Documents\DeepSeeK\harmony-trainer\images\942023674_figure_large.jpg,附录,附录三 图上的音程与连接法,网格图上的音程,图III.6 C的小二度/大七度音程
图,,E:\Documents\DeepSeeK\harmony-trainer\images\942023710_figure_largeshow.jpg,附录,附录三 图上的音程与连接法,和弦的内部结构,图III.7 三和弦的结构
图,,E:\Documents\DeepSeeK\harmony-trainer\images\942023884_figure_largeshow.jpg,附录,附录三 图上的音程与连接法,和弦的内部结构,图III.8 七和弦的结构
图,,E:\Documents\DeepSeeK\harmony-trainer\images\942023960_figure_large.jpg,附录,附录三 图上的音程与连接法,和弦的内部结构,图III.9 音程表与七和弦结构
图,,E:\Documents\DeepSeeK\harmony-trainer\images\942024082_figure_largeshow.jpg,附录,附录三 图上的音程与连接法,图上的声部连接,图III.10 C大调I—ii7—V7—I的声部连接
图,,E:\Documents\DeepSeeK\harmony-trainer\images\942024152_figure_large.jpg,附录,附录三 图上的音程与连接法,图上的声部连接,图III.11 C大调Gr+6—V7—subV7—I的声部连接
图,,E:\Documents\DeepSeeK\harmony-trainer\images\942334335_figure_largeshow.jpg,附录,附录二 音与音名,音高与音名系统,
图,,E:\Documents\DeepSeeK\harmony-trainer\images\947675828_figure_large.jpg,第九章 音乐的结构,9-2 卡农与赋格,赋格,图9.5 巴赫g小调小赋格的结构图示
谱例,6.18,E:\Documents\DeepSeeK\harmony-trainer\images\948378021_figure_large.jpg,第六章 排列与连接,6-3 声部连接,倾向音的处理,
谱例,7.51,E:\Documents\DeepSeeK\harmony-trainer\images\948414277_figure_large.jpg,第七章 和弦外音,7-5 非三度和声,挂留和弦,
谱例,11.64,E:\Documents\DeepSeeK\harmony-trainer\images\adv\1000725291_figure_largeshow.jpg,第十一章 转调,11-8 其他转调法,11-8 其他转调法,
图,,E:\Documents\DeepSeeK\harmony-trainer\images\adv\1000725358_figure_largeshow.jpg,第十一章 转调,11-8 其他转调法,11-8 其他转调法,
图,,E:\Documents\DeepSeeK\harmony-trainer\images\adv\1000725839_figure_largeshow.jpg,第十一章 转调,11-8 其他转调法,11-8 其他转调法,
图,,E:\Documents\DeepSeeK\harmony-trainer\images\adv\1006216662_figure_largeshow.jpg,第十一章 转调,11-8 其他转调法,11-8 其他转调法,图11.77 各种转调法的总结比较
图,,E:\Documents\DeepSeeK\harmony-trainer\images\adv\1006216753_figure_largeshow.jpg,第十一章 转调,11-8 其他转调法,11-8 其他转调法,图11.79 “The Phantom of the Opera”唱段转调分析
谱例,11.68,E:\Documents\DeepSeeK\harmony-trainer\images\adv\1007237961_figure_largeshow.jpg,第十一章 转调,11-8 其他转调法,11-8 其他转调法,
谱例,11.67,E:\Documents\DeepSeeK\harmony-trainer\images\adv\1007249701_figure_largeshow.jpg,第十一章 转调,11-8 其他转调法,11-8 其他转调法,
谱例,11.55,E:\Documents\DeepSeeK\harmony-trainer\images\adv\1007677274_figure_largeshow.jpg,第十一章 转调,11-7 等音转调(下),11-7 等音转调(下),
谱例,11.69,E:\Documents\DeepSeeK\harmony-trainer\images\adv\1008099030_figure_largeshow.jpg,第十一章 转调,11-8 其他转调法,11-8 其他转调法,
图,,E:\Documents\DeepSeeK\harmony-trainer\images\adv\1008573247_figure_largeshow.jpg,第十一章 转调,11-8 其他转调法,11-8 其他转调法,图11.81 G大调与三种e小调中的三全音
谱例,11.70,E:\Documents\DeepSeeK\harmony-trainer\images\adv\1008573343_figure_largeshow.jpg,第十一章 转调,11-8 其他转调法,11-8 其他转调法,
谱例,11.72,E:\Documents\DeepSeeK\harmony-trainer\images\adv\1014003038_figure_largeshow.jpg,第十一章 转调,11-9 调性布局(上),11-9 调性布局(上),
图,,E:\Documents\DeepSeeK\harmony-trainer\images\adv\1014003342_figure_largeshow.jpg,第十一章 转调,11-9 调性布局(上),11-9 调性布局(上),
图,,E:\Documents\DeepSeeK\harmony-trainer\images\adv\1014027838_figure_largeshow.jpg,第十一章 转调,11-9 调性布局(上),11-9 调性布局(上),图11.83 莫扎特K545全曲的调性布局
图,,E:\Documents\DeepSeeK\harmony-trainer\images\adv\1014028035_figure_largeshow.jpg,第十一章 转调,11-9 调性布局(上),11-9 调性布局(上),图11.85 《命运交响曲》的结构
图,,E:\Documents\DeepSeeK\harmony-trainer\images\adv\1014028250_figure_largeshow.jpg,第十一章 转调,11-9 调性布局(上),11-9 调性布局(上),图11.82 莫扎特K545第一乐章的调性布局
谱例,11.75,E:\Documents\DeepSeeK\harmony-trainer\images\adv\1015924234_figure_largeshow.jpg,第十一章 转调,11-10 调性布局(下),11-10 调性布局(下),
图,,E:\Documents\DeepSeeK\harmony-trainer\images\adv\1015924797_figure_largeshow.jpg,第十一章 转调,11-10 调性布局(下),11-10 调性布局(下),
图,,E:\Documents\DeepSeeK\harmony-trainer\images\adv\1015925165_figure_largeshow.jpg,第十一章 转调,11-10 调性布局(下),11-10 调性布局(下),
图,,E:\Documents\DeepSeeK\harmony-trainer\images\adv\1015925211_figure_largeshow.jpg,第十一章 转调,11-10 调性布局(下),11-10 调性布局(下),
图,,E:\Documents\DeepSeeK\harmony-trainer\images\adv\1015925541_figure_largeshow.jpg,第十一章 转调,11-10 调性布局(下),11-10 调性布局(下),图11.92 李斯特《爱之梦》第三首的调性布局
图,,E:\Documents\DeepSeeK\harmony-trainer\images\adv\1016595429_figure_largeshow.jpg,第十一章 转调,11-10 调性布局(下),11-10 调性布局(下),图11.95 贝多芬《槌子键奏鸣曲》的大致结构
图,,E:\Documents\DeepSeeK\harmony-trainer\images\adv\1016595567_figure_largeshow.jpg,第十一章 转调,11-10 调性布局(下),11-10 调性布局(下),图11.96 巴托克《为弦乐、打击乐和钢片琴而作的音乐》的大致结构
图,,E:\Documents\DeepSeeK\harmony-trainer\images\adv\1016595758_figure_largeshow.jpg,第十一章 转调,11-10 调性布局(下),11-10 调性布局(下),图11.91 贝多芬《月光奏鸣曲》的大致结构
图,,E:\Documents\DeepSeeK\harmony-trainer\images\adv\1017182012_figure_largeshow.jpg,第十一章 转调,11-10 调性布局(下),11-10 调性布局(下),图11.90 贝多芬《月光奏鸣曲》第一乐章的调性布局
图,,E:\Documents\DeepSeeK\harmony-trainer\images\adv\1017189549_figure_largeshow.jpg,第十一章 转调,11-10 调性布局(下),11-10 调性布局(下),图11.94 巴托克轴心体系
图,,E:\Documents\DeepSeeK\harmony-trainer\images\adv\1019157477_figure_largeshow.jpg,第十一章 转调,11-10 调性布局(下),11-10 调性布局(下),图11.88 变换与色彩性调关系
图,,E:\Documents\DeepSeeK\harmony-trainer\images\adv\1019157959_figure_largeshow.jpg,第十一章 转调,11-10 调性布局(下),11-10 调性布局(下),图11.87 调的音响色彩与美术颜色理论的类比
图,,E:\Documents\DeepSeeK\harmony-trainer\images\adv\1020817133_figure_largeshow.jpg,第十一章 转调,11-10 调性布局(下),11-10 调性布局(下),图11.97 作品的综合分析表
谱例,11.77,E:\Documents\DeepSeeK\harmony-trainer\images\adv\1020874324_figure_largeshow.jpg,第十一章 转调,11-10 调性布局(下),11-10 调性布局(下),
图,,E:\Documents\DeepSeeK\harmony-trainer\images\adv\1020874904_figure_largeshow.jpg,第十一章 转调,11-10 调性布局(下),11-10 调性布局(下),
图,,E:\Documents\DeepSeeK\harmony-trainer\images\adv\1024892920_figure_largeshow.jpg,第十二章 调式,12-1 中古调式(上),12-1 中古调式(上),图12.1 C大调音阶的七个中古调式
图,,E:\Documents\DeepSeeK\harmony-trainer\images\adv\1024991159_figure_largeshow.jpg,第十一章 转调,11-10 调性布局(下),11-10 调性布局(下),图11.93 三个例子的调性布局比较
图,,E:\Documents\DeepSeeK\harmony-trainer\images\adv\1025355764_figure_largeshow.jpg,附录四 音乐的理论与制作,附录四 音乐的理论与制作,附录四 音乐的理论与制作,图IV.2 一些常见的电子音乐设备
图,,E:\Documents\DeepSeeK\harmony-trainer\images\adv\1025356295_figure_largeshow.jpg,附录四 音乐的理论与制作,附录四 音乐的理论与制作,附录四 音乐的理论与制作,图IV.1 音乐理论的架构
图,,E:\Documents\DeepSeeK\harmony-trainer\images\adv\1026879038_figure_largeshow.jpg,第十二章 调式,12-1 中古调式(上),12-1 中古调式(上),图12.3 d多利安与F里底亚调式
谱例,12.4,E:\Documents\DeepSeeK\harmony-trainer\images\adv\1027397835_figure_largeshow.jpg,第十二章 调式,12-1 中古调式(上),12-1 中古调式(上),
谱例,12.6,E:\Documents\DeepSeeK\harmony-trainer\images\adv\1027397908_figure_largeshow.jpg,第十二章 调式,12-1 中古调式(上),12-1 中古调式(上),
谱例,12.3,E:\Documents\DeepSeeK\harmony-trainer\images\adv\1027404663_figure_largeshow.jpg,第十二章 调式,12-1 中古调式(上),12-1 中古调式(上),
图,,E:\Documents\DeepSeeK\harmony-trainer\images\adv\1027404753_figure_largeshow.jpg,第十二章 调式,12-1 中古调式(上),12-1 中古调式(上),图12.4 e弗里几亚与G混合里底亚调式
图,,E:\Documents\DeepSeeK\harmony-trainer\images\adv\1027404988_figure_largeshow.jpg,第十二章 调式,12-1 中古调式(上),12-1 中古调式(上),图12.2 C爱奥尼亚与a伊奥利亚调式
谱例,12.8,E:\Documents\DeepSeeK\harmony-trainer\images\adv\1027821977_figure_largeshow.jpg,第十二章 调式,12-1 中古调式(上),12-1 中古调式(上),
谱例,12.9,E:\Documents\DeepSeeK\harmony-trainer\images\adv\1027913063_figure_largeshow.jpg,第十二章 调式,12-1 中古调式(上),12-1 中古调式(上),
图,,E:\Documents\DeepSeeK\harmony-trainer\images\adv\1028393788_figure_largeshow.jpg,第十二章 调式,12-1 中古调式(上),12-1 中古调式(上),图12.5 b洛克里亚调式
谱例,12.18,E:\Documents\DeepSeeK\harmony-trainer\images\adv\1028413483_figure_largeshow.jpg,第十二章 调式,12-1 中古调式(上),12-1 中古调式(上),
图,,E:\Documents\DeepSeeK\harmony-trainer\images\adv\1033589026_figure_largeshow.jpg,第十二章 调式,12-2 中古调式(下）,12-2 中古调式(下）,图12.8 网格图推算中古调式音阶
图,,E:\Documents\DeepSeeK\harmony-trainer\images\adv\1033589491_figure_largeshow.jpg,第十二章 调式,12-2 中古调式(下）,12-2 中古调式(下）,图12.9 C/a组关系调式的和弦
图,,E:\Documents\DeepSeeK\harmony-trainer\images\adv\1034871114_figure_largeshow.jpg,第十二章 调式,12-2 中古调式(下）,12-2 中古调式(下）,图12.7 加入中古调的五度圈
图,,E:\Documents\DeepSeeK\harmony-trainer\images\adv\1036313662_figure_largeshow.jpg,第十二章 调式,12-2 中古调式(下）,12-2 中古调式(下）,图12.10 c dor与C大调、C小调的比较
图,,E:\Documents\DeepSeeK\harmony-trainer\images\adv\1037334200_figure_largeshow.jpg,附录四 音乐的理论与制作,附录四 音乐的理论与制作,附录四 音乐的理论与制作,图IV.3 音乐制作的大致流程
谱例,12.14,E:\Documents\DeepSeeK\harmony-trainer\images\adv\1039977832_figure_largeshow.jpg,第十二章 调式,12-1 中古调式(上),12-1 中古调式(上),
谱例,12.16,E:\Documents\DeepSeeK\harmony-trainer\images\adv\1039978155_figure_largeshow.jpg,第十二章 调式,12-2 中古调式(下）,12-2 中古调式(下）,
图,,E:\Documents\DeepSeeK\harmony-trainer\images\adv\1044241128_figure_largeshow.jpg,第十二章 调式,12-2 中古调式(下）,12-2 中古调式(下）,图12.16 中古调式的镜像关系
图,,E:\Documents\DeepSeeK\harmony-trainer\images\adv\1046006781_figure_largeshow.jpg,第十二章 调式,12-3 中国民族调式,12-3 中国民族调式,图12.17 三分损益法
图,,E:\Documents\DeepSeeK\harmony-trainer\images\adv\1046021478_figure_largeshow.jpg,第十二章 调式,12-3 中国民族调式,12-3 中国民族调式,
图,,E:\Documents\DeepSeeK\harmony-trainer\images\adv\1046021572_figure_largeshow.jpg,第十二章 调式,12-3 中国民族调式,12-3 中国民族调式,12.18 三分损益法得到的十二律
图,,E:\Documents\DeepSeeK\harmony-trainer\images\adv\1046021683_figure_largeshow.jpg,第十二章 调式,12-3 中国民族调式,12-3 中国民族调式,12.19 十二平均律下的十二律
图,,E:\Documents\DeepSeeK\harmony-trainer\images\adv\1046024092_figure_largeshow.jpg,第十二章 调式,12-3 中国民族调式,12-3 中国民族调式,图12.20 十二律的五度圈与黄钟宫五音
图,,E:\Documents\DeepSeeK\harmony-trainer\images\adv\1046041155_figure_largeshow.jpg,第十二章 调式,12-3 中国民族调式,12-3 中国民族调式,
图,,E:\Documents\DeepSeeK\harmony-trainer\images\adv\1060299098_figure_largeshow.jpg,第十二章 调式,12-3 中国民族调式,12-3 中国民族调式,图12.21 现代音名的五度圈与C宫五调
图,,E:\Documents\DeepSeeK\harmony-trainer\images\adv\1060299139_figure_largeshow.jpg,第十二章 调式,12-3 中国民族调式,12-3 中国民族调式,图12.22 以C为宫的三种七声音阶
图,,E:\Documents\DeepSeeK\harmony-trainer\images\adv\1060299487_figure_largeshow.jpg,第十二章 调式,12-3 中国民族调式,12-3 中国民族调式,图12.25 12组正音与偏音的推演
图,,E:\Documents\DeepSeeK\harmony-trainer\images\adv\1075494300_figure_largeshow.jpg,第十二章 调式,12-2 中古调式(下）,12-2 中古调式(下）,图12.12 C同名调式的三和弦与七和弦
谱例,12.17,E:\Documents\DeepSeeK\harmony-trainer\images\adv\1077017876_figure_largeshow.jpg,第十二章 调式,12-4 中国风格的旋律,12-4 中国风格的旋律,
图,,E:\Documents\DeepSeeK\harmony-trainer\images\adv\1077149273_figure_largeshow.jpg,第十一章 转调,11-1 大小调总论,11-1 大小调总论,图11.1 C大调与a小调的结构
谱例,12.20,E:\Documents\DeepSeeK\harmony-trainer\images\adv\1077288108_figure_largeshow.jpg,第十二章 调式,12-4 中国风格的旋律,12-4 中国风格的旋律,
谱例,12.21,E:\Documents\DeepSeeK\harmony-trainer\images\adv\1077288232_figure_largeshow.jpg,第十二章 调式,12-4 中国风格的旋律,12-4 中国风格的旋律,
谱例,12.23,E:\Documents\DeepSeeK\harmony-trainer\images\adv\1077288827_figure_largeshow.jpg,第十二章 调式,12-4 中国风格的旋律,12-4 中国风格的旋律,
谱例,12.24,E:\Documents\DeepSeeK\harmony-trainer\images\adv\1077306313_figure_largeshow.jpg,第十二章 调式,12-4 中国风格的旋律,12-4 中国风格的旋律,
谱例,12.26,E:\Documents\DeepSeeK\harmony-trainer\images\adv\1077330310_figure_largeshow.jpg,第十二章 调式,12-4 中国风格的旋律,12-4 中国风格的旋律,
谱例,12.28,E:\Documents\DeepSeeK\harmony-trainer\images\adv\1077457684_figure_largeshow.jpg,第十二章 调式,12-4 中国风格的旋律,12-4 中国风格的旋律,
谱例,12.19,E:\Documents\DeepSeeK\harmony-trainer\images\adv\1077460887_figure_largeshow.jpg,第十二章 调式,12-4 中国风格的旋律,12-4 中国风格的旋律,
谱例,12.25,E:\Documents\DeepSeeK\harmony-trainer\images\adv\1077461521_figure_largeshow.jpg,第十二章 调式,12-4 中国风格的旋律,12-4 中国风格的旋律,
谱例,12.29,E:\Documents\DeepSeeK\harmony-trainer\images\adv\1077466847_figure_largeshow.jpg,第十二章 调式,12-4 中国风格的旋律,12-4 中国风格的旋律,
谱例,12.33,E:\Documents\DeepSeeK\harmony-trainer\images\adv\1077466926_figure_largeshow.jpg,第十二章 调式,12-4 中国风格的旋律,12-4 中国风格的旋律,
谱例,12.36,E:\Documents\DeepSeeK\harmony-trainer\images\adv\1077467037_figure_largeshow.jpg,第十二章 调式,12-4 中国风格的旋律,12-4 中国风格的旋律,
谱例,12.30,E:\Documents\DeepSeeK\harmony-trainer\images\adv\1077676507_figure_largeshow.jpg,第十二章 调式,12-4 中国风格的旋律,12-4 中国风格的旋律,
谱例,12.31,E:\Documents\DeepSeeK\harmony-trainer\images\adv\1077679733_figure_largeshow.jpg,第十二章 调式,12-4 中国风格的旋律,12-4 中国风格的旋律,
谱例,12.35,E:\Documents\DeepSeeK\harmony-trainer\images\adv\1077793853_figure_largeshow.jpg,第十二章 调式,12-4 中国风格的旋律,12-4 中国风格的旋律,
谱例,12.32,E:\Documents\DeepSeeK\harmony-trainer\images\adv\1077900921_figure_largeshow.jpg,第十二章 调式,12-4 中国风格的旋律,12-4 中国风格的旋律,
图,,E:\Documents\DeepSeeK\harmony-trainer\images\adv\1077901070_figure_largeshow.jpg,第十二章 调式,12-4 中国风格的旋律,12-4 中国风格的旋律,图12.26 C宫五声音阶的结构
图,,E:\Documents\DeepSeeK\harmony-trainer\images\adv\1077901144_figure_largeshow.jpg,第十二章 调式,12-4 中国风格的旋律,12-4 中国风格的旋律,图12.28 C宫五正音与四偏音
谱例,12.22,E:\Documents\DeepSeeK\harmony-trainer\images\adv\1077937177_figure_largeshow.jpg,第十二章 调式,12-4 中国风格的旋律,12-4 中国风格的旋律,
谱例,12.27,E:\Documents\DeepSeeK\harmony-trainer\images\adv\1077937204_figure_largeshow.jpg,第十二章 调式,12-4 中国风格的旋律,12-4 中国风格的旋律,
谱例,12.34,E:\Documents\DeepSeeK\harmony-trainer\images\adv\1077937471_figure_largeshow.jpg,第十二章 调式,12-4 中国风格的旋律,12-4 中国风格的旋律,
谱例,12.37,E:\Documents\DeepSeeK\harmony-trainer\images\adv\1077937786_figure_largeshow.jpg,第十二章 调式,12-4 中国风格的旋律,12-4 中国风格的旋律,
谱例,12.38,E:\Documents\DeepSeeK\harmony-trainer\images\adv\1077937858_figure_largeshow.jpg,第十二章 调式,12-4 中国风格的旋律,12-4 中国风格的旋律,
图,,E:\Documents\DeepSeeK\harmony-trainer\images\adv\1077970081_figure_largeshow.jpg,第十二章 调式,12-4 中国风格的旋律,12-4 中国风格的旋律,图12.30 民族调式的多重性
图,,E:\Documents\DeepSeeK\harmony-trainer\images\adv\1078212122_figure_largeshow.jpg,第十二章 调式,12-4 中国风格的旋律,12-4 中国风格的旋律,图12.29 西洋大调（左）与中国民族调式（右）组织结构的差别
图,,E:\Documents\DeepSeeK\harmony-trainer\images\adv\1078212206_figure_largeshow.jpg,第十二章 调式,12-4 中国风格的旋律,12-4 中国风格的旋律,图12.31 C宫的十二个正、偏音
谱例,12.40,E:\Documents\DeepSeeK\harmony-trainer\images\adv\1078246811_figure_largeshow.jpg,第十二章 调式,12-4 中国风格的旋律,12-4 中国风格的旋律,
谱例,12.20,E:\Documents\DeepSeeK\harmony-trainer\images\adv\1087738441_figure_largeshow.jpg,第十二章 调式,12-1 中古调式(上),12-1 中古调式(上),
图,,E:\Documents\DeepSeeK\harmony-trainer\images\adv\1091423882_figure_largeshow.jpg,第十一章 转调,11-9 调性布局(上),11-9 调性布局(上),图11.84 交响曲的结构
图,,E:\Documents\DeepSeeK\harmony-trainer\images\adv\1096192075_figure_largeshow.jpg,第十一章 转调,11-6 等音转调(上),11-6 等音转调(上),图11.59 G7与一些主要七和弦的变换关系
谱例,11.59,E:\Documents\DeepSeeK\harmony-trainer\images\adv\1097514892_figure_largeshow.jpg,第十一章 转调,11-7 等音转调(下),11-7 等音转调(下),
谱例,11.41,E:\Documents\DeepSeeK\harmony-trainer\images\adv\1102463481_figure_largeshow.jpg,第十一章 转调,11-6 等音转调(上),11-6 等音转调(上),
图,,E:\Documents\DeepSeeK\harmony-trainer\images\adv\1111216205_figure_largeshow.jpg,第十一章 转调,11-7 等音转调(下),11-7 等音转调(下),图11.75 “德九”第二乐章开头的转调
谱例,11.28,E:\Documents\DeepSeeK\harmony-trainer\images\adv\1111839101_figure_largeshow.jpg,第十一章 转调,11-5 转调中的模进、趋近与循环,11-5 转调中的模进、趋近与循环,
谱例,11.2,E:\Documents\DeepSeeK\harmony-trainer\images\adv\1112787380_figure_largeshow.jpg,第十一章 转调,11-2 共同和弦转调,11-2 共同和弦转调,
谱例,11.52,E:\Documents\DeepSeeK\harmony-trainer\images\adv\1112810250_figure_largeshow.jpg,第十一章 转调,11-7 等音转调(下),11-7 等音转调(下),
谱例,11.14,E:\Documents\DeepSeeK\harmony-trainer\images\adv\1114047902_figure_largeshow.jpg,第十一章 转调,11-4 同名转调,11-4 同名转调,
图,,E:\Documents\DeepSeeK\harmony-trainer\images\adv\1115215462_figure_largeshow.jpg,第十一章 转调,11-10 调性布局(下),11-10 调性布局(下),
图,,E:\Documents\DeepSeeK\harmony-trainer\images\adv\1115215519_figure_largeshow.jpg,第十一章 转调,11-10 调性布局(下),11-10 调性布局(下),
图,,E:\Documents\DeepSeeK\harmony-trainer\images\adv\1115215676_figure_largeshow.jpg,第十一章 转调,11-10 调性布局(下),11-10 调性布局(下),
谱例,11.3,E:\Documents\DeepSeeK\harmony-trainer\images\adv\1117058110_figure_largeshow.jpg,第十一章 转调,11-2 共同和弦转调,11-2 共同和弦转调,
图,,E:\Documents\DeepSeeK\harmony-trainer\images\adv\1118882344_figure_largeshow.jpg,第十二章 调式,12-3 中国民族调式,12-3 中国民族调式,
图,,E:\Documents\DeepSeeK\harmony-trainer\images\adv\1119062797_figure_largeshow.jpg,第十二章 调式,12-5 民族调式的和弦,12-5 民族调式的和弦,图12.32 C宫、A羽调的和弦
谱例,12.44,E:\Documents\DeepSeeK\harmony-trainer\images\adv\1122853481_figure_largeshow.jpg,第十二章 调式,12-5 民族调式的和弦,12-5 民族调式的和弦,
谱例,12.48,E:\Documents\DeepSeeK\harmony-trainer\images\adv\1124941260_figure_largeshow.jpg,第十二章 调式,12-5 民族调式的和弦,12-5 民族调式的和弦,
谱例,11.19,E:\Documents\DeepSeeK\harmony-trainer\images\adv\1125014543_figure_largeshow.jpg,第十一章 转调,11-4 同名转调,11-4 同名转调,
谱例,12.51,E:\Documents\DeepSeeK\harmony-trainer\images\adv\1125415897_figure_largeshow.jpg,第十二章 调式,12-5 民族调式的和弦,12-5 民族调式的和弦,
图,,E:\Documents\DeepSeeK\harmony-trainer\images\adv\1125415917_figure_largeshow.jpg,第十二章 调式,12-5 民族调式的和弦,12-5 民族调式的和弦,图12.33 D商调的和弦
谱例,12.52,E:\Documents\DeepSeeK\harmony-trainer\images\adv\1125416182_figure_largeshow.jpg,第十二章 调式,12-5 民族调式的和弦,12-5 民族调式的和弦,
谱例,12.55,E:\Documents\DeepSeeK\harmony-trainer\images\adv\1125416262_figure_largeshow.jpg,第十二章 调式,12-5 民族调式的和弦,12-5 民族调式的和弦,
谱例,12.54,E:\Documents\DeepSeeK\harmony-trainer\images\adv\1125416391_figure_largeshow.jpg,第十二章 调式,12-5 民族调式的和弦,12-5 民族调式的和弦,
图,,E:\Documents\DeepSeeK\harmony-trainer\images\adv\1125417640_figure_largeshow.jpg,第十二章 调式,12-5 民族调式的和弦,12-5 民族调式的和弦,图12.34 G徵、E角调的和弦
谱例,12.57,E:\Documents\DeepSeeK\harmony-trainer\images\adv\1125455204_figure_largeshow.jpg,第十二章 调式,12-5 民族调式的和弦,12-5 民族调式的和弦,
谱例,12.58,E:\Documents\DeepSeeK\harmony-trainer\images\adv\1125455468_figure_largeshow.jpg,第十二章 调式,12-5 民族调式的和弦,12-5 民族调式的和弦,
谱例,12.59,E:\Documents\DeepSeeK\harmony-trainer\images\adv\1125455619_figure_largeshow.jpg,第十二章 调式,12-5 民族调式的和弦,12-5 民族调式的和弦,
谱例,12.61,E:\Documents\DeepSeeK\harmony-trainer\images\adv\1125456387_figure_largeshow.jpg,第十二章 调式,12-5 民族调式的和弦,12-5 民族调式的和弦,
图,,E:\Documents\DeepSeeK\harmony-trainer\images\adv\1125456446_figure_largeshow.jpg,第十二章 调式,12-5 民族调式的和弦,12-5 民族调式的和弦,图12.35 C宫五音形成的挂留和弦
谱例,12.63,E:\Documents\DeepSeeK\harmony-trainer\images\adv\1125456826_figure_largeshow.jpg,第十二章 调式,12-5 民族调式的和弦,12-5 民族调式的和弦,
谱例,12.43,E:\Documents\DeepSeeK\harmony-trainer\images\adv\1125471090_figure_largeshow.jpg,第十二章 调式,12-5 民族调式的和弦,12-5 民族调式的和弦,
图,,E:\Documents\DeepSeeK\harmony-trainer\images\adv\1125471166_figure_largeshow.jpg,第十二章 调式,12-5 民族调式的和弦,12-5 民族调式的和弦,
谱例,12.1,E:\Documents\DeepSeeK\harmony-trainer\images\adv\1125471666_figure_largeshow.jpg,第十二章 调式,12-1 中古调式(上),12-1 中古调式(上),
谱例,12.45,E:\Documents\DeepSeeK\harmony-trainer\images\adv\1125577663_figure_largeshow.jpg,第十二章 调式,12-5 民族调式的和弦,12-5 民族调式的和弦,
谱例,12.47,E:\Documents\DeepSeeK\harmony-trainer\images\adv\1126888149_figure_largeshow.jpg,第十二章 调式,12-5 民族调式的和弦,12-5 民族调式的和弦,
谱例,12.50,E:\Documents\DeepSeeK\harmony-trainer\images\adv\1126888287_figure_largeshow.jpg,第十二章 调式,12-5 民族调式的和弦,12-5 民族调式的和弦,
谱例,12.56,E:\Documents\DeepSeeK\harmony-trainer\images\adv\1126888469_figure_largeshow.jpg,第十二章 调式,12-5 民族调式的和弦,12-5 民族调式的和弦,
谱例,12.46,E:\Documents\DeepSeeK\harmony-trainer\images\adv\1127252184_figure_largeshow.jpg,第十二章 调式,12-5 民族调式的和弦,12-5 民族调式的和弦,
谱例,12.64,E:\Documents\DeepSeeK\harmony-trainer\images\adv\1127252236_figure_largeshow.jpg,第十二章 调式,12-5 民族调式的和弦,12-5 民族调式的和弦,
图,,E:\Documents\DeepSeeK\harmony-trainer\images\adv\1127252351_figure_largeshow.jpg,第十二章 调式,12-5 民族调式的和弦,12-5 民族调式的和弦,
图,,E:\Documents\DeepSeeK\harmony-trainer\images\adv\1127309117_figure_largeshow.jpg,第十一章 转调,11-7 等音转调(下),11-7 等音转调(下),图11.71 通过增三和弦的等音转调
谱例,11.57,E:\Documents\DeepSeeK\harmony-trainer\images\adv\1127309225_figure_largeshow.jpg,第十一章 转调,11-7 等音转调(下),11-7 等音转调(下),
谱例,12.53,E:\Documents\DeepSeeK\harmony-trainer\images\adv\1127362889_figure_largeshow.jpg,第十二章 调式,12-5 民族调式的和弦,12-5 民族调式的和弦,
图,,E:\Documents\DeepSeeK\harmony-trainer\images\adv\1127362938_figure_largeshow.jpg,第十二章 调式,12-5 民族调式的和弦,12-5 民族调式的和弦,
图,,E:\Documents\DeepSeeK\harmony-trainer\images\adv\1127363277_figure_largeshow.jpg,第十二章 调式,12-5 民族调式的和弦,12-5 民族调式的和弦,
图,,E:\Documents\DeepSeeK\harmony-trainer\images\adv\1127802341_figure_largeshow.jpg,第十一章 转调,11-10 调性布局(下),11-10 调性布局(下),图11.89 调关系的功能性与色彩性总结
图,,E:\Documents\DeepSeeK\harmony-trainer\images\adv\1127802595_figure_largeshow.jpg,第十二章 调式,12-5 民族调式的和弦,12-5 民族调式的和弦,
谱例,12.65,E:\Documents\DeepSeeK\harmony-trainer\images\adv\1127802698_figure_largeshow.jpg,第十二章 调式,12-5 民族调式的和弦,12-5 民族调式的和弦,
谱例,12.67,E:\Documents\DeepSeeK\harmony-trainer\images\adv\1127804832_figure_largeshow.jpg,第十二章 调式,12-5 民族调式的和弦,12-5 民族调式的和弦,
图,,E:\Documents\DeepSeeK\harmony-trainer\images\adv\1127808013_figure_largeshow.jpg,第十二章 调式,12-5 民族调式的和弦,12-5 民族调式的和弦,图12.36 五正音之间的音程表
谱例,12.60,E:\Documents\DeepSeeK\harmony-trainer\images\adv\1127808557_figure_largeshow.jpg,第十二章 调式,12-5 民族调式的和弦,12-5 民族调式的和弦,
谱例,12.69,E:\Documents\DeepSeeK\harmony-trainer\images\adv\1127809132_figure_largeshow.jpg,第十二章 调式,12-5 民族调式的和弦,12-5 民族调式的和弦,
图,,E:\Documents\DeepSeeK\harmony-trainer\images\adv\1128123109_figure_largeshow.jpg,第十二章 调式,12-5 民族调式的和弦,12-5 民族调式的和弦,
谱例,12.70,E:\Documents\DeepSeeK\harmony-trainer\images\adv\1128123239_figure_largeshow.jpg,第十二章 调式,12-5 民族调式的和弦,12-5 民族调式的和弦,
谱例,12.66,E:\Documents\DeepSeeK\harmony-trainer\images\adv\1128127400_figure_largeshow.jpg,第十二章 调式,12-5 民族调式的和弦,12-5 民族调式的和弦,
图,,E:\Documents\DeepSeeK\harmony-trainer\images\adv\1129293903_figure_largeshow.jpg,第十二章 调式,12-6 民族调性体系,12-6 民族调性体系,图12.38 现代观点下的旋宫
图,,E:\Documents\DeepSeeK\harmony-trainer\images\adv\1130512877_figure_largeshow.jpg,第十一章 转调,11-7 等音转调(下),11-7 等音转调(下),
谱例,11.44,E:\Documents\DeepSeeK\harmony-trainer\images\adv\1130515714_figure_largeshow.jpg,第十一章 转调,11-6 等音转调(上),11-6 等音转调(上),
图,,E:\Documents\DeepSeeK\harmony-trainer\images\adv\1130820515_figure_largeshow.jpg,第十二章 调式,12-6 民族调性体系,12-6 民族调性体系,图12.37 旋宫图
谱例,12.49,E:\Documents\DeepSeeK\harmony-trainer\images\adv\1131847862_figure_largeshow.jpg,第十二章 调式,12-5 民族调式的和弦,12-5 民族调式的和弦,
谱例,12.15,E:\Documents\DeepSeeK\harmony-trainer\images\adv\1132725181_figure_largeshow.jpg,第十二章 调式,12-2 中古调式(下）,12-2 中古调式(下）,
图,,E:\Documents\DeepSeeK\harmony-trainer\images\adv\1133105849_figure_largeshow.jpg,第十二章 调式,12-2 中古调式(下）,12-2 中古调式(下）,图12.15 中古调式的五度圈
图,,E:\Documents\DeepSeeK\harmony-trainer\images\adv\1133402531_figure_largeshow.jpg,第十二章 调式,12-6 民族调性体系,12-6 民族调性体系,图12.48 从正调弦式出发的琴五调
图,,E:\Documents\DeepSeeK\harmony-trainer\images\adv\1133402933_figure_largeshow.jpg,第十二章 调式,12-6 民族调性体系,12-6 民族调性体系,图12.49 琴五调的音高关系
谱例,12.75,E:\Documents\DeepSeeK\harmony-trainer\images\adv\1133576210_figure_largeshow.jpg,第十二章 调式,12-6 民族调性体系,12-6 民族调性体系,
谱例,12.76,E:\Documents\DeepSeeK\harmony-trainer\images\adv\1133656436_figure_largeshow.jpg,第十二章 调式,12-6 民族调性体系,12-6 民族调性体系,
谱例,11.9,E:\Documents\DeepSeeK\harmony-trainer\images\adv\1133843345_figure_largeshow.jpg,第十一章 转调,11-3 加速转调,11-3 加速转调,
谱例,12.71,E:\Documents\DeepSeeK\harmony-trainer\images\adv\1133843400_figure_largeshow.jpg,第十二章 调式,12-6 民族调性体系,12-6 民族调性体系,
图,,E:\Documents\DeepSeeK\harmony-trainer\images\adv\1133851765_figure_largeshow.jpg,第十二章 调式,12-6 民族调性体系,12-6 民族调性体系,
图,,E:\Documents\DeepSeeK\harmony-trainer\images\adv\1133852642_figure_largeshow.jpg,第十二章 调式,12-6 民族调性体系,12-6 民族调性体系,图12.39 中古调式与民族调式的五度圈
谱例,12.72,E:\Documents\DeepSeeK\harmony-trainer\images\adv\1134427852_figure_largeshow.jpg,第十二章 调式,12-6 民族调性体系,12-6 民族调性体系,
图,,E:\Documents\DeepSeeK\harmony-trainer\images\adv\1134427982_figure_largeshow.jpg,第十二章 调式,12-6 民族调性体系,12-6 民族调性体系,图12.41 《天马来》旋律的统计
谱例,11.76,E:\Documents\DeepSeeK\harmony-trainer\images\adv\1137664248_figure_largeshow.jpg,第十一章 转调,11-10 调性布局(下),11-10 调性布局(下),
图,,E:\Documents\DeepSeeK\harmony-trainer\images\adv\1137664325_figure_largeshow.jpg,第十一章 转调,11-10 调性布局(下),11-10 调性布局(下),
图,,E:\Documents\DeepSeeK\harmony-trainer\images\adv\1137664431_figure_largeshow.jpg,第十一章 转调,11-10 调性布局(下),11-10 调性布局(下),
谱例,12.73,E:\Documents\DeepSeeK\harmony-trainer\images\adv\1140264777_figure_largeshow.jpg,第十二章 调式,12-6 民族调性体系,12-6 民族调性体系,
图,,E:\Documents\DeepSeeK\harmony-trainer\images\adv\1140558042_figure_largeshow.jpg,第十二章 调式,12-6 民族调性体系,12-6 民族调性体系,图12.42 G苦音徵调的↑4与↓7
图,,E:\Documents\DeepSeeK\harmony-trainer\images\adv\1140690627_figure_largeshow.jpg,第十二章 调式,12-6 民族调性体系,12-6 民族调性体系,图12.40 C宫系统的正音与偏音
图,,E:\Documents\DeepSeeK\harmony-trainer\images\adv\1141427717_figure_largeshow.jpg,第十二章 调式,12-6 民族调性体系,12-6 民族调性体系,图12.46 C宫系统出发的旋宫转调
图,,E:\Documents\DeepSeeK\harmony-trainer\images\adv\1141427809_figure_largeshow.jpg,第十二章 调式,12-6 民族调性体系,12-6 民族调性体系,
图,,E:\Documents\DeepSeeK\harmony-trainer\images\adv\1141553605_figure_largeshow.jpg,第十二章 调式,12-6 民族调性体系,12-6 民族调性体系,
图,,E:\Documents\DeepSeeK\harmony-trainer\images\adv\1143096886_figure_largeshow.jpg,第十二章 调式,12-6 民族调性体系,12-6 民族调性体系,图12.47 《菩萨蛮》的五度圈及网格图
图,,E:\Documents\DeepSeeK\harmony-trainer\images\adv\1143245681_figure_largeshow.jpg,第十二章 调式,12-6 民族调性体系,12-6 民族调性体系,
图,,E:\Documents\DeepSeeK\harmony-trainer\images\adv\1143554256_figure_largeshow.jpg,第十二章 调式,12-6 民族调性体系,12-6 民族调性体系,图12.43 屈调、扬调与单借
图,,E:\Documents\DeepSeeK\harmony-trainer\images\adv\1143554314_figure_largeshow.jpg,第十二章 调式,12-6 民族调性体系,12-6 民族调性体系,图12.44 双借
图,,E:\Documents\DeepSeeK\harmony-trainer\images\adv\1143554402_figure_largeshow.jpg,第十二章 调式,12-6 民族调性体系,12-6 民族调性体系,图12.45 三借
谱例,12.84,E:\Documents\DeepSeeK\harmony-trainer\images\adv\1143554594_figure_largeshow.jpg,第十二章 调式,12-7 日本音阶,12-7 日本音阶,
谱例,12.83,E:\Documents\DeepSeeK\harmony-trainer\images\adv\1143554611_figure_largeshow.jpg,第十二章 调式,12-7 日本音阶,12-7 日本音阶,
谱例,12.77,E:\Documents\DeepSeeK\harmony-trainer\images\adv\1143555103_figure_largeshow.jpg,第十二章 调式,12-6 民族调性体系,12-6 民族调性体系,
谱例,12.79,E:\Documents\DeepSeeK\harmony-trainer\images\adv\1143555344_figure_largeshow.jpg,第十二章 调式,12-6 民族调性体系,12-6 民族调性体系,
谱例,12.80,E:\Documents\DeepSeeK\harmony-trainer\images\adv\1143559070_figure_largeshow.jpg,第十二章 调式,12-6 民族调性体系,12-6 民族调性体系,
谱例,12.85,E:\Documents\DeepSeeK\harmony-trainer\images\adv\1143581854_figure_largeshow.jpg,第十二章 调式,12-7 日本音阶,12-7 日本音阶,
谱例,12.89,E:\Documents\DeepSeeK\harmony-trainer\images\adv\1143583245_figure_largeshow.jpg,第十二章 调式,12-7 日本音阶,12-7 日本音阶,
谱例,12.82,E:\Documents\DeepSeeK\harmony-trainer\images\adv\1144978306_figure_largeshow.jpg,第十二章 调式,12-7 日本音阶,12-7 日本音阶,
谱例,12.87,E:\Documents\DeepSeeK\harmony-trainer\images\adv\1144978672_figure_largeshow.jpg,第十二章 调式,12-7 日本音阶,12-7 日本音阶,
谱例,12.90,E:\Documents\DeepSeeK\harmony-trainer\images\adv\1144998546_figure_largeshow.jpg,第十二章 调式,12-7 日本音阶,12-7 日本音阶,
谱例,12.74,E:\Documents\DeepSeeK\harmony-trainer\images\adv\1145468434_figure_largeshow.jpg,第十二章 调式,12-6 民族调性体系,12-6 民族调性体系,
谱例,12.92,E:\Documents\DeepSeeK\harmony-trainer\images\adv\1145550882_figure_largeshow.jpg,第十二章 调式,12-7 日本音阶,12-7 日本音阶,
谱例,12.93,E:\Documents\DeepSeeK\harmony-trainer\images\adv\1145551010_figure_largeshow.jpg,第十二章 调式,12-7 日本音阶,12-7 日本音阶,
图,,E:\Documents\DeepSeeK\harmony-trainer\images\adv\1145551759_figure_largeshow.jpg,第十一章 转调,11-8 其他转调法,11-8 其他转调法,
图,,E:\Documents\DeepSeeK\harmony-trainer\images\adv\1146553764_figure_largeshow.jpg,第十二章 调式,12-8 自然音阶与调性,12-8 自然音阶与调性,图12.57 自然音阶衍生的七声与五声调式总结
图,,E:\Documents\DeepSeeK\harmony-trainer\images\adv\1146579812_figure_largeshow.jpg,第十二章 调式,12-8 自然音阶与调性,12-8 自然音阶与调性,图12.68 纯四度与增四度四音列的种类
图,,E:\Documents\DeepSeeK\harmony-trainer\images\adv\1147175413_figure_largeshow.jpg,第十二章 调式,12-8 自然音阶与调性,12-8 自然音阶与调性,图12.64 调性的各种形式
图,,E:\Documents\DeepSeeK\harmony-trainer\images\adv\1147748007_figure_largeshow.jpg,第十二章 调式,12-8 自然音阶与调性,12-8 自然音阶与调性,图12.65 自然音阶在音高星座图(上)与五度圈(下)中的模式
谱例,12.88,E:\Documents\DeepSeeK\harmony-trainer\images\adv\1148577308_figure_largeshow.jpg,第十二章 调式,12-7 日本音阶,12-7 日本音阶,
谱例,12.97,E:\Documents\DeepSeeK\harmony-trainer\images\adv\1148577695_figure_largeshow.jpg,第十二章 调式,12-8 自然音阶与调性,12-8 自然音阶与调性,
谱例,12.95,E:\Documents\DeepSeeK\harmony-trainer\images\adv\1148578439_figure_largeshow.jpg,第十二章 调式,12-8 自然音阶与调性,12-8 自然音阶与调性,
谱例,12.98,E:\Documents\DeepSeeK\harmony-trainer\images\adv\1148940740_figure_largeshow.jpg,第十二章 调式,12-8 自然音阶与调性,12-8 自然音阶与调性,
图,,E:\Documents\DeepSeeK\harmony-trainer\images\adv\1148940959_figure_largeshow.jpg,第十二章 调式,12-8 自然音阶与调性,12-8 自然音阶与调性,
图,,E:\Documents\DeepSeeK\harmony-trainer\images\adv\1148941052_figure_largeshow.jpg,第十二章 调式,12-8 自然音阶与调性,12-8 自然音阶与调性,
谱例,12.94,E:\Documents\DeepSeeK\harmony-trainer\images\adv\1148941102_figure_largeshow.jpg,第十二章 调式,12-7 日本音阶,12-7 日本音阶,
图,,E:\Documents\DeepSeeK\harmony-trainer\images\adv\1148941318_figure_largeshow.jpg,第十三章 现代和声,13-1 音集理论基础,13-1 音集理论基础,图13.1 音高集合的整数音名
图,,E:\Documents\DeepSeeK\harmony-trainer\images\adv\1148941418_figure_largeshow.jpg,第十三章 现代和声,13-1 音集理论基础,13-1 音集理论基础,图13.2 整数音名的音程计算
图,,E:\Documents\DeepSeeK\harmony-trainer\images\adv\1148955901_figure_largeshow.jpg,第十三章 现代和声,13-1 音集理论基础,13-1 音集理论基础,图13.9 C宫五声音阶与C自然大调的方阵
图,,E:\Documents\DeepSeeK\harmony-trainer\images\adv\1148956376_figure_largeshow.jpg,第十三章 现代和声,13-1 音集理论基础,13-1 音集理论基础,图13.7 G和弦的音程方阵
图,,E:\Documents\DeepSeeK\harmony-trainer\images\adv\1148956794_figure_largeshow.jpg,第十三章 现代和声,13-1 音集理论基础,13-1 音集理论基础,图13.10 B°7的音程方阵
图,,E:\Documents\DeepSeeK\harmony-trainer\images\adv\1148957129_figure_largeshow.jpg,第十三章 现代和声,13-1 音集理论基础,13-1 音集理论基础,图13.3 音程级
图,,E:\Documents\DeepSeeK\harmony-trainer\images\adv\1148957398_figure_largeshow.jpg,第十三章 现代和声,13-1 音集理论基础,13-1 音集理论基础,图13.18 G与Dm的音程向量计算
图,,E:\Documents\DeepSeeK\harmony-trainer\images\adv\1148960202_figure_largeshow.jpg,第十三章 现代和声,13-1 音集理论基础,13-1 音集理论基础,图13.11 C和弦的T1操作
图,,E:\Documents\DeepSeeK\harmony-trainer\images\adv\1148963795_figure_largeshow.jpg,第十三章 现代和声,13-1 音集理论基础,13-1 音集理论基础,图13.14 C和弦的平移与倒影
图,,E:\Documents\DeepSeeK\harmony-trainer\images\adv\1148963824_figure_largeshow.jpg,第十三章 现代和声,13-1 音集理论基础,13-1 音集理论基础,图13.16 C°和弦的平移与倒影
图,,E:\Documents\DeepSeeK\harmony-trainer\images\adv\1148963903_figure_largeshow.jpg,第十三章 现代和声,13-1 音集理论基础,13-1 音集理论基础,图13.17 C°7和弦的平移与倒影
图,,E:\Documents\DeepSeeK\harmony-trainer\images\adv\1148964184_figure_largeshow.jpg,第十三章 现代和声,13-1 音集理论基础,13-1 音集理论基础,图13.4 五度圈(左)与网格图(右)的整数表示
图,,E:\Documents\DeepSeeK\harmony-trainer\images\adv\1148964242_figure_largeshow.jpg,第十三章 现代和声,13-1 音集理论基础,13-1 音集理论基础,图13.8 CΔ和弦的音程方阵
图,,E:\Documents\DeepSeeK\harmony-trainer\images\adv\1149782645_figure_largeshow.jpg,第十三章 现代和声,13-1 音集理论基础,13-1 音集理论基础,图13.12 C和弦的I操作
图,,E:\Documents\DeepSeeK\harmony-trainer\images\adv\1149782895_figure_largeshow.jpg,第十三章 现代和声,13-1 音集理论基础,13-1 音集理论基础,图13.13 C和弦的I2操作
图,,E:\Documents\DeepSeeK\harmony-trainer\images\adv\1149877270_figure_largeshow.jpg,第十三章 现代和声,13-1 音集理论基础,13-1 音集理论基础,图13.5 G和弦、C大调的星座图与珠链图
图,,E:\Documents\DeepSeeK\harmony-trainer\images\adv\1150071788_figure_largeshow.jpg,第十三章 现代和声,13-2 音集分类表,13-2 音集分类表,图13.22 C自然音阶及其补集
图,,E:\Documents\DeepSeeK\harmony-trainer\images\adv\1150648343_figure_largeshow.jpg,第十三章 现代和声,13-2 音集分类表,13-2 音集分类表,图13.33 五/七音集的对称性
谱例,12.18,E:\Documents\DeepSeeK\harmony-trainer\images\adv\1151477159_figure_largeshow.jpg,第十二章 调式,12-4 中国风格的旋律,12-4 中国风格的旋律,
图,,E:\Documents\DeepSeeK\harmony-trainer\images\adv\1153000209_figure_largeshow.jpg,第十二章 调式,12-8 自然音阶与调性,12-8 自然音阶与调性,图12.58 五度圈上的极点音与转调
谱例,11.40,E:\Documents\DeepSeeK\harmony-trainer\images\adv\1153300301_figure_largeshow.jpg,第十一章 转调,11-6 等音转调(上),11-6 等音转调(上),
图,,E:\Documents\DeepSeeK\harmony-trainer\images\adv\1157975159_figure_largeshow.jpg,第十二章 调式,12-4 中国风格的旋律,12-4 中国风格的旋律,
谱例,12.39,E:\Documents\DeepSeeK\harmony-trainer\images\adv\1157975275_figure_largeshow.jpg,第十二章 调式,12-4 中国风格的旋律,12-4 中国风格的旋律,
谱例,12.78,E:\Documents\DeepSeeK\harmony-trainer\images\adv\1160354420_figure_largeshow.jpg,第十二章 调式,12-6 民族调性体系,12-6 民族调性体系,
图,,E:\Documents\DeepSeeK\harmony-trainer\images\adv\1162147673_figure_largeshow.jpg,第十二章 调式,12-6 民族调性体系,12-6 民族调性体系,
图,,E:\Documents\DeepSeeK\harmony-trainer\images\adv\1163232797_figure_largeshow.jpg,第十三章 现代和声,13-1 音集理论基础,13-1 音集理论基础,图13.6 钟盘图计算G和弦的升序排列与音程序列
谱例,11.21,E:\Documents\DeepSeeK\harmony-trainer\images\adv\1166289928_figure_largeshow.jpg,第十一章 转调,11-4 同名转调,11-4 同名转调,
谱例,11.22,E:\Documents\DeepSeeK\harmony-trainer\images\adv\1166290027_figure_largeshow.jpg,第十一章 转调,11-5 转调中的模进、趋近与循环,11-5 转调中的模进、趋近与循环,
谱例,13.4,E:\Documents\DeepSeeK\harmony-trainer\images\adv\1177975063_figure_largeshow.jpg,第十三章 现代和声,13-3 有限移位调式,13-3 有限移位调式,
谱例,13.1,E:\Documents\DeepSeeK\harmony-trainer\images\adv\1179006451_figure_largeshow.jpg,第十三章 现代和声,13-3 有限移位调式,13-3 有限移位调式,
图,,E:\Documents\DeepSeeK\harmony-trainer\images\adv\1179006767_figure_largeshow.jpg,第十三章 现代和声,13-3 有限移位调式,13-3 有限移位调式,图13.40 全音阶的移位
图,,E:\Documents\DeepSeeK\harmony-trainer\images\adv\1179008434_figure_largeshow.jpg,第十三章 现代和声,13-3 有限移位调式,13-3 有限移位调式,图13.43 梅西安第四至第七音阶的珠链图
谱例,13.3,E:\Documents\DeepSeeK\harmony-trainer\images\adv\1179884811_figure_largeshow.jpg,第十三章 现代和声,13-3 有限移位调式,13-3 有限移位调式,
图,,E:\Documents\DeepSeeK\harmony-trainer\images\adv\1180601951_figure_largeshow.jpg,第十一章 转调,11-5 转调中的模进、趋近与循环,11-5 转调中的模进、趋近与循环,图11.46 柯川进行
图,,E:\Documents\DeepSeeK\harmony-trainer\images\adv\1180860993_figure_largeshow.jpg,第十三章 现代和声,13-3 有限移位调式,13-3 有限移位调式,图13.47 梅西安七种音阶的截断关系
谱例,11.24,E:\Documents\DeepSeeK\harmony-trainer\images\adv\1184089710_figure_largeshow.jpg,第十一章 转调,11-5 转调中的模进、趋近与循环,11-5 转调中的模进、趋近与循环,
图,,E:\Documents\DeepSeeK\harmony-trainer\images\adv\1184472857_figure_largeshow.jpg,第十一章 转调,11-7 等音转调(下),11-7 等音转调(下),图11.67 增三和弦与大七、小七、小大七、增大七和弦的变换关系
谱例,11.48,E:\Documents\DeepSeeK\harmony-trainer\images\adv\1184834738_figure_largeshow.jpg,第十一章 转调,11-7 等音转调(下),11-7 等音转调(下),
图,,E:\Documents\DeepSeeK\harmony-trainer\images\adv\1198456626_figure_largeshow.jpg,第十二章 调式,12-1 中古调式(上),12-1 中古调式(上),图12.6 84个中古调式的推演
谱例,12.86,E:\Documents\DeepSeeK\harmony-trainer\images\adv\1206596008_figure_largeshow.jpg,第十二章 调式,12-7 日本音阶,12-7 日本音阶,
图,,E:\Documents\DeepSeeK\harmony-trainer\images\adv\1209118520_figure_largeshow.jpg,第十一章 转调,11-2 共同和弦转调,11-2 共同和弦转调,图11.14 0调到+2调的转调路线图
谱例,12.68,E:\Documents\DeepSeeK\harmony-trainer\images\adv\1213215629_figure_largeshow.jpg,第十二章 调式,12-5 民族调式的和弦,12-5 民族调式的和弦,
谱例,11.30,E:\Documents\DeepSeeK\harmony-trainer\images\adv\1217592028_figure_largeshow.jpg,第十一章 转调,11-5 转调中的模进、趋近与循环,11-5 转调中的模进、趋近与循环,
图,,E:\Documents\DeepSeeK\harmony-trainer\images\adv\1217592184_figure_largeshow.jpg,第十一章 转调,11-5 转调中的模进、趋近与循环,11-5 转调中的模进、趋近与循环,图11.47 C为主音的巴托克轴心
谱例,11.31,E:\Documents\DeepSeeK\harmony-trainer\images\adv\1217592398_figure_largeshow.jpg,第十一章 转调,11-5 转调中的模进、趋近与循环,11-5 转调中的模进、趋近与循环,
谱例,11.54,E:\Documents\DeepSeeK\harmony-trainer\images\adv\1219170126_figure_largeshow.jpg,第十一章 转调,11-7 等音转调(下),11-7 等音转调(下),
图,,E:\Documents\DeepSeeK\harmony-trainer\images\adv\1219656137_figure_largeshow.jpg,第十二章 调式,12-6 民族调性体系,12-6 民族调性体系,
图,,E:\Documents\DeepSeeK\harmony-trainer\images\adv\1219656397_figure_largeshow.jpg,第十二章 调式,12-6 民族调性体系,12-6 民族调性体系,
图,,E:\Documents\DeepSeeK\harmony-trainer\images\adv\1219656495_figure_largeshow.jpg,第十二章 调式,12-6 民族调性体系,12-6 民族调性体系,
图,,E:\Documents\DeepSeeK\harmony-trainer\images\adv\1219656660_figure_largeshow.jpg,第十二章 调式,12-6 民族调性体系,12-6 民族调性体系,
图,,E:\Documents\DeepSeeK\harmony-trainer\images\adv\1219656863_figure_largeshow.jpg,第十二章 调式,12-6 民族调性体系,12-6 民族调性体系,
图,,E:\Documents\DeepSeeK\harmony-trainer\images\adv\1219656963_figure_largeshow.jpg,第十二章 调式,12-6 民族调性体系,12-6 民族调性体系,
图,,E:\Documents\DeepSeeK\harmony-trainer\images\adv\1219657316_figure_largeshow.jpg,第十二章 调式,12-6 民族调性体系,12-6 民族调性体系,
图,,E:\Documents\DeepSeeK\harmony-trainer\images\adv\1219657456_figure_largeshow.jpg,第十二章 调式,12-6 民族调性体系,12-6 民族调性体系,
图,,E:\Documents\DeepSeeK\harmony-trainer\images\adv\1219657557_figure_largeshow.jpg,第十二章 调式,12-6 民族调性体系,12-6 民族调性体系,图12.50 《春节序曲》106~117小节的两次转调
谱例,12.81,E:\Documents\DeepSeeK\harmony-trainer\images\adv\1220948790_figure_largeshow.jpg,第十二章 调式,12-6 民族调性体系,12-6 民族调性体系,
图,,E:\Documents\DeepSeeK\harmony-trainer\images\adv\1220949311_figure_largeshow.jpg,第十二章 调式,12-6 民族调性体系,12-6 民族调性体系,
图,,E:\Documents\DeepSeeK\harmony-trainer\images\adv\1220953800_figure_largeshow.jpg,第十一章 转调,11-5 转调中的模进、趋近与循环,11-5 转调中的模进、趋近与循环,图11.48 循环进行（左）与东京山手线（右）的类比
谱例,11.29,E:\Documents\DeepSeeK\harmony-trainer\images\adv\1220954229_figure_largeshow.jpg,第十一章 转调,11-5 转调中的模进、趋近与循环,11-5 转调中的模进、趋近与循环,
谱例,11.66,E:\Documents\DeepSeeK\harmony-trainer\images\adv\1224715266_figure_largeshow.jpg,第十一章 转调,11-8 其他转调法,11-8 其他转调法,
谱例,11.65,E:\Documents\DeepSeeK\harmony-trainer\images\adv\1224715307_figure_largeshow.jpg,第十一章 转调,11-8 其他转调法,11-8 其他转调法,
谱例,13.6,E:\Documents\DeepSeeK\harmony-trainer\images\adv\1233428918_figure_largeshow.jpg,第十三章 现代和声,13-4 全音阶,13-4 全音阶,
谱例,13.5,E:\Documents\DeepSeeK\harmony-trainer\images\adv\1233532483_figure_largeshow.jpg,第十三章 现代和声,13-4 全音阶,13-4 全音阶,
谱例,13.9,E:\Documents\DeepSeeK\harmony-trainer\images\adv\1235492905_figure_largeshow.jpg,第十三章 现代和声,13-4 全音阶,13-4 全音阶,
谱例,13.7,E:\Documents\DeepSeeK\harmony-trainer\images\adv\1235546834_figure_largeshow.jpg,第十三章 现代和声,13-4 全音阶,13-4 全音阶,
谱例,13.8,E:\Documents\DeepSeeK\harmony-trainer\images\adv\1235549923_figure_largeshow.jpg,第十三章 现代和声,13-4 全音阶,13-4 全音阶,
谱例,13.11,E:\Documents\DeepSeeK\harmony-trainer\images\adv\1235580153_figure_largeshow.jpg,第十三章 现代和声,13-4 全音阶,13-4 全音阶,
谱例,13.12,E:\Documents\DeepSeeK\harmony-trainer\images\adv\1235580218_figure_largeshow.jpg,第十三章 现代和声,13-4 全音阶,13-4 全音阶,
谱例,13.14,E:\Documents\DeepSeeK\harmony-trainer\images\adv\1235580350_figure_largeshow.jpg,第十三章 现代和声,13-4 全音阶,13-4 全音阶,
谱例,13.10,E:\Documents\DeepSeeK\harmony-trainer\images\adv\1235580933_figure_largeshow.jpg,第十三章 现代和声,13-4 全音阶,13-4 全音阶,
谱例,13.18,E:\Documents\DeepSeeK\harmony-trainer\images\adv\1235631625_figure_largeshow.jpg,第十三章 现代和声,13-4 全音阶,13-4 全音阶,
谱例,13.13,E:\Documents\DeepSeeK\harmony-trainer\images\adv\1235631742_figure_largeshow.jpg,第十三章 现代和声,13-4 全音阶,13-4 全音阶,
图,,E:\Documents\DeepSeeK\harmony-trainer\images\adv\1235634305_figure_largeshow.jpg,第十三章 现代和声,13-4 全音阶,13-4 全音阶,
谱例,13.20,E:\Documents\DeepSeeK\harmony-trainer\images\adv\1235634723_figure_largeshow.jpg,第十三章 现代和声,13-4 全音阶,13-4 全音阶,
图,,E:\Documents\DeepSeeK\harmony-trainer\images\adv\1235688007_figure_largeshow.jpg,第十三章 现代和声,13-4 全音阶,13-4 全音阶,图13.56 三个减七和弦与两条全音阶
图,,E:\Documents\DeepSeeK\harmony-trainer\images\adv\1235688102_figure_largeshow.jpg,第十三章 现代和声,13-4 全音阶,13-4 全音阶,图13.55 C大调、a小调与两条全音阶的关系
谱例,13.19,E:\Documents\DeepSeeK\harmony-trainer\images\adv\1235688268_figure_largeshow.jpg,第十三章 现代和声,13-4 全音阶,13-4 全音阶,
图,,E:\Documents\DeepSeeK\harmony-trainer\images\adv\1235830300_figure_largeshow.jpg,第十三章 现代和声,13-4 全音阶,13-4 全音阶,
图,,E:\Documents\DeepSeeK\harmony-trainer\images\adv\1236007770_figure_largeshow.jpg,第十三章 现代和声,13-4 全音阶,13-4 全音阶,
图,,E:\Documents\DeepSeeK\harmony-trainer\images\adv\1236012249_figure_largeshow.jpg,第十三章 现代和声,13-1 音集理论基础,13-1 音集理论基础,图13.15 倒影的基本型与音程方阵
图,,E:\Documents\DeepSeeK\harmony-trainer\images\adv\1236014848_figure_largeshow.jpg,第十三章 现代和声,13-3 有限移位调式,13-3 有限移位调式,图13.41 减音阶的珠链图
图,,E:\Documents\DeepSeeK\harmony-trainer\images\adv\1236014935_figure_largeshow.jpg,第十三章 现代和声,13-3 有限移位调式,13-3 有限移位调式,图13.42 梅西安第三音阶的珠链图
图,,E:\Documents\DeepSeeK\harmony-trainer\images\adv\1236015585_figure_largeshow.jpg,第十三章 现代和声,13-4 全音阶,13-4 全音阶,图13.51 全音阶的一/五音子集
图,,E:\Documents\DeepSeeK\harmony-trainer\images\adv\1236187735_figure_largeshow.jpg,第十三章 现代和声,13-4 全音阶,13-4 全音阶,图13.50 C全音阶常见的和弦类型
图,,E:\Documents\DeepSeeK\harmony-trainer\images\adv\1236247945_figure_largeshow.jpg,第十三章 现代和声,13-2 音集分类表,13-2 音集分类表,图13.34 五/七音集的统计
图,,E:\Documents\DeepSeeK\harmony-trainer\images\adv\1236846002_figure_largeshow.jpg,第十三章 现代和声,13-2 音集分类表,13-2 音集分类表,图13.32 五/七音集的分类表
图,,E:\Documents\DeepSeeK\harmony-trainer\images\adv\1237261188_figure_largeshow.jpg,第十三章 现代和声,13-3 有限移位调式,13-3 有限移位调式,图13.48 全体有限移位调式的截断关系
图,,E:\Documents\DeepSeeK\harmony-trainer\images\adv\1237534424_figure_largeshow.jpg,第十二章 调式,12-4 中国风格的旋律,12-4 中国风格的旋律,图12.27 C宫五声音阶的三音列与三和弦
谱例,13.42,E:\Documents\DeepSeeK\harmony-trainer\images\adv\1237910789_figure_largeshow.jpg,第十三章 现代和声,13-6 其他有限移位调式,13-6 其他有限移位调式,
谱例,13.24,E:\Documents\DeepSeeK\harmony-trainer\images\adv\1237912184_figure_largeshow.jpg,第十三章 现代和声,13-5 减音阶,13-5 减音阶,
谱例,13.22,E:\Documents\DeepSeeK\harmony-trainer\images\adv\1237913107_figure_largeshow.jpg,第十三章 现代和声,13-5 减音阶,13-5 减音阶,
谱例,13.23,E:\Documents\DeepSeeK\harmony-trainer\images\adv\1237920307_figure_largeshow.jpg,第十三章 现代和声,13-5 减音阶,13-5 减音阶,
谱例,13.34,E:\Documents\DeepSeeK\harmony-trainer\images\adv\1237920432_figure_largeshow.jpg,第十三章 现代和声,13-5 减音阶,13-5 减音阶,
图,,E:\Documents\DeepSeeK\harmony-trainer\images\adv\1237920529_figure_largeshow.jpg,第十三章 现代和声,13-5 减音阶,13-5 减音阶,
图,,E:\Documents\DeepSeeK\harmony-trainer\images\adv\1237920625_figure_largeshow.jpg,第十三章 现代和声,13-5 减音阶,13-5 减音阶,
图,,E:\Documents\DeepSeeK\harmony-trainer\images\adv\1237920758_figure_largeshow.jpg,第十三章 现代和声,13-5 减音阶,13-5 减音阶,图13.73 C轴大三和弦与C半全音阶
谱例,13.16,E:\Documents\DeepSeeK\harmony-trainer\images\adv\1237921587_figure_largeshow.jpg,第十三章 现代和声,13-4 全音阶,13-4 全音阶,
谱例,13.25,E:\Documents\DeepSeeK\harmony-trainer\images\adv\1237936466_figure_largeshow.jpg,第十三章 现代和声,13-5 减音阶,13-5 减音阶,
图,,E:\Documents\DeepSeeK\harmony-trainer\images\adv\1238137782_figure_largeshow.jpg,第十一章 转调,11-5 转调中的模进、趋近与循环,11-5 转调中的模进、趋近与循环,图11.39 五度圈与半音阶的下行转调
谱例,13.17,E:\Documents\DeepSeeK\harmony-trainer\images\adv\1238138838_figure_largeshow.jpg,第十三章 现代和声,13-4 全音阶,13-4 全音阶,
图,,E:\Documents\DeepSeeK\harmony-trainer\images\adv\1238140177_figure_largeshow.jpg,第十二章 调式,12-3 中国民族调式,12-3 中国民族调式,图12.24 F均三种七声音阶及其调式
图,,E:\Documents\DeepSeeK\harmony-trainer\images\adv\1247000655_figure_largeshow.jpg,第十二章 调式,12-1 中古调式(上),12-1 中古调式(上),图12.7 中古调式的功能组格局
图,,E:\Documents\DeepSeeK\harmony-trainer\images\adv\1248566955_figure_largeshow.jpg,第十三章 现代和声,13-5 减音阶,13-5 减音阶,图13.62 C全半音阶与C轴各调
图,,E:\Documents\DeepSeeK\harmony-trainer\images\adv\1248577156_figure_largeshow.jpg,第十三章 现代和声,13-5 减音阶,13-5 减音阶,图13.68 C半全音阶下的几种音列
图,,E:\Documents\DeepSeeK\harmony-trainer\images\adv\1251212531_figure_largeshow.jpg,第十三章 现代和声,13-5 减音阶,13-5 减音阶,图13.63 减音阶与自然音阶基本型的交集与差集
图,,E:\Documents\DeepSeeK\harmony-trainer\images\adv\1251213361_figure_largeshow.jpg,第十三章 现代和声,13-5 减音阶,13-5 减音阶,图13.71 通过减音阶的转调
图,,E:\Documents\DeepSeeK\harmony-trainer\images\adv\1257729834_figure_largeshow.jpg,第十二章 调式,12-8 自然音阶与调性,12-8 自然音阶与调性,
谱例,12.96,E:\Documents\DeepSeeK\harmony-trainer\images\adv\1257730008_figure_largeshow.jpg,第十二章 调式,12-8 自然音阶与调性,12-8 自然音阶与调性,
谱例,12.7,E:\Documents\DeepSeeK\harmony-trainer\images\adv\1258699180_figure_largeshow.jpg,第十二章 调式,12-1 中古调式(上),12-1 中古调式(上),
谱例,12.13,E:\Documents\DeepSeeK\harmony-trainer\images\adv\1258699244_figure_largeshow.jpg,第十二章 调式,12-1 中古调式(上),12-1 中古调式(上),
谱例,12.22,E:\Documents\DeepSeeK\harmony-trainer\images\adv\1258699395_figure_largeshow.jpg,第十二章 调式,12-1 中古调式(上),12-1 中古调式(上),
谱例,13.30,E:\Documents\DeepSeeK\harmony-trainer\images\adv\1261960442_figure_largeshow.jpg,第十三章 现代和声,13-5 减音阶,13-5 减音阶,
图,,E:\Documents\DeepSeeK\harmony-trainer\images\adv\1261960608_figure_largeshow.jpg,第十三章 现代和声,13-4 全音阶,13-4 全音阶,图13.57 C全音阶以属七、半减七为基础的延伸
谱例,13.29,E:\Documents\DeepSeeK\harmony-trainer\images\adv\1261960778_figure_largeshow.jpg,第十三章 现代和声,13-5 减音阶,13-5 减音阶,
谱例,13.31,E:\Documents\DeepSeeK\harmony-trainer\images\adv\1261960838_figure_largeshow.jpg,第十三章 现代和声,13-5 减音阶,13-5 减音阶,
谱例,13.32,E:\Documents\DeepSeeK\harmony-trainer\images\adv\1261960935_figure_largeshow.jpg,第十三章 现代和声,13-5 减音阶,13-5 减音阶,
图,,E:\Documents\DeepSeeK\harmony-trainer\images\adv\1261961098_figure_largeshow.jpg,第十三章 现代和声,13-5 减音阶,13-5 减音阶,图13.72 梅西安《鸽子》开头的减音阶
图,,E:\Documents\DeepSeeK\harmony-trainer\images\adv\1262372521_figure_largeshow.jpg,第十三章 现代和声,13-5 减音阶,13-5 减音阶,图13.70 F♯大调与三条减音阶
图,,E:\Documents\DeepSeeK\harmony-trainer\images\adv\1262932683_figure_largeshow.jpg,第十三章 现代和声,13-5 减音阶,13-5 减音阶,图13.69 减音阶与和弦的搭配关系
谱例,13.36,E:\Documents\DeepSeeK\harmony-trainer\images\adv\1262932763_figure_largeshow.jpg,第十三章 现代和声,13-5 减音阶,13-5 减音阶,
谱例,13.37,E:\Documents\DeepSeeK\harmony-trainer\images\adv\1262932827_figure_largeshow.jpg,第十三章 现代和声,13-5 减音阶,13-5 减音阶,
谱例,13.26,E:\Documents\DeepSeeK\harmony-trainer\images\adv\1262933055_figure_largeshow.jpg,第十三章 现代和声,13-5 减音阶,13-5 减音阶,
谱例,13.15,E:\Documents\DeepSeeK\harmony-trainer\images\adv\1263319077_figure_largeshow.jpg,第十三章 现代和声,13-4 全音阶,13-4 全音阶,
图,,E:\Documents\DeepSeeK\harmony-trainer\images\adv\1263967162_figure_largeshow.jpg,第十三章 现代和声,13-5 减音阶,13-5 减音阶,图13.65 减音阶与和声、旋律小调的关系推演
图,,E:\Documents\DeepSeeK\harmony-trainer\images\adv\1266151984_figure_largeshow.jpg,第十一章 转调,11-8 其他转调法,11-8 其他转调法,图11.78 调性的过渡方式
谱例,11.5,E:\Documents\DeepSeeK\harmony-trainer\images\adv\1276843006_figure_largeshow.jpg,第十一章 转调,11-2 共同和弦转调,11-2 共同和弦转调,
谱例,11.34,E:\Documents\DeepSeeK\harmony-trainer\images\adv\1276843157_figure_largeshow.jpg,第十一章 转调,11-6 等音转调(上),11-6 等音转调(上),
谱例,11.51,E:\Documents\DeepSeeK\harmony-trainer\images\adv\1276843298_figure_largeshow.jpg,第十一章 转调,11-7 等音转调(下),11-7 等音转调(下),
谱例,11.60,E:\Documents\DeepSeeK\harmony-trainer\images\adv\1276843302_figure_largeshow.jpg,第十一章 转调,11-7 等音转调(下),11-7 等音转调(下),
谱例,11.49,E:\Documents\DeepSeeK\harmony-trainer\images\adv\1293834514_figure_largeshow.jpg,第十一章 转调,11-7 等音转调(下),11-7 等音转调(下),
谱例,11.58,E:\Documents\DeepSeeK\harmony-trainer\images\adv\1294531337_figure_largeshow.jpg,第十一章 转调,11-7 等音转调(下),11-7 等音转调(下),
谱例,11.11,E:\Documents\DeepSeeK\harmony-trainer\images\adv\1333359176_figure_largeshow.jpg,第十一章 转调,11-3 加速转调,11-3 加速转调,
图,,E:\Documents\DeepSeeK\harmony-trainer\images\adv\1333685183_figure_largeshow.jpg,第十一章 转调,11-4 同名转调,11-4 同名转调,图11.35 《希望の道》的转调
谱例,11.18,E:\Documents\DeepSeeK\harmony-trainer\images\adv\1333685329_figure_largeshow.jpg,第十一章 转调,11-4 同名转调,11-4 同名转调,
图,,E:\Documents\DeepSeeK\harmony-trainer\images\adv\1333686036_figure_largeshow.jpg,第十一章 转调,11-9 调性布局(上),11-9 调性布局(上),
图,,E:\Documents\DeepSeeK\harmony-trainer\images\adv\1333686764_figure_largeshow.jpg,第十一章 转调,11-9 调性布局(上),11-9 调性布局(上),图11.86 《Everytime you kissed me》调性布局
谱例,11.73,E:\Documents\DeepSeeK\harmony-trainer\images\adv\1333686836_figure_largeshow.jpg,第十一章 转调,11-9 调性布局(上),11-9 调性布局(上),
图,,E:\Documents\DeepSeeK\harmony-trainer\images\adv\1333687097_figure_largeshow.jpg,第十一章 转调,11-8 其他转调法,11-8 其他转调法,图11.80 调号与特征音
图,,E:\Documents\DeepSeeK\harmony-trainer\images\adv\1334459724_figure_largeshow.jpg,第十一章 转调,11-4 同名转调,11-4 同名转调,图11.30 通过C大调与c小调同名关系的转调
谱例,11.13,E:\Documents\DeepSeeK\harmony-trainer\images\adv\1334459986_figure_largeshow.jpg,第十一章 转调,11-4 同名转调,11-4 同名转调,
谱例,11.27,E:\Documents\DeepSeeK\harmony-trainer\images\adv\1335298676_figure_largeshow.jpg,第十一章 转调,11-5 转调中的模进、趋近与循环,11-5 转调中的模进、趋近与循环,
图,,E:\Documents\DeepSeeK\harmony-trainer\images\adv\1335761433_figure_largeshow.jpg,第十一章 转调,11-9 调性布局(上),11-9 调性布局(上),
图,,E:\Documents\DeepSeeK\harmony-trainer\images\adv\1337019871_figure_largeshow.jpg,第十三章 现代和声,13-5 减音阶,13-5 减音阶,图13.61 减音阶中的常见和弦
图,,E:\Documents\DeepSeeK\harmony-trainer\images\adv\1342279045_figure_largeshow.jpg,第十二章 调式,12-8 自然音阶与调性,12-8 自然音阶与调性,图12.66 自然七声与五声调式在网格图上的模式
图,,E:\Documents\DeepSeeK\harmony-trainer\images\adv\1345412836_figure_largeshow.jpg,第十三章 现代和声,13-5 减音阶,13-5 减音阶,图13.64 减音阶与自然音阶关系总结
图,,E:\Documents\DeepSeeK\harmony-trainer\images\adv\1345412940_figure_largeshow.jpg,第十三章 现代和声,13-5 减音阶,13-5 减音阶,图13.66 减音阶与和声小调关系总结
图,,E:\Documents\DeepSeeK\harmony-trainer\images\adv\1345413039_figure_largeshow.jpg,第十三章 现代和声,13-5 减音阶,13-5 减音阶,图13.67 减音阶与爵士小调关系总结
谱例,13.27,E:\Documents\DeepSeeK\harmony-trainer\images\adv\1346794272_figure_largeshow.jpg,第十三章 现代和声,13-5 减音阶,13-5 减音阶,
谱例,13.41,E:\Documents\DeepSeeK\harmony-trainer\images\adv\1346826905_figure_largeshow.jpg,第十三章 现代和声,13-6 其他有限移位调式,13-6 其他有限移位调式,
图,,E:\Documents\DeepSeeK\harmony-trainer\images\adv\1346827040_figure_largeshow.jpg,第十三章 现代和声,13-6 其他有限移位调式,13-6 其他有限移位调式,
谱例,11.71,E:\Documents\DeepSeeK\harmony-trainer\images\adv\1346827468_figure_largeshow.jpg,第十一章 转调,11-9 调性布局(上),11-9 调性布局(上),
图,,E:\Documents\DeepSeeK\harmony-trainer\images\adv\1346827528_figure_largeshow.jpg,第十一章 转调,11-9 调性布局(上),11-9 调性布局(上),
图,,E:\Documents\DeepSeeK\harmony-trainer\images\adv\1346827712_figure_largeshow.jpg,第十一章 转调,11-9 调性布局(上),11-9 调性布局(上),
图,,E:\Documents\DeepSeeK\harmony-trainer\images\adv\1346827970_figure_largeshow.jpg,第十一章 转调,11-9 调性布局(上),11-9 调性布局(上),
图,,E:\Documents\DeepSeeK\harmony-trainer\images\adv\1346828094_figure_largeshow.jpg,第十一章 转调,11-9 调性布局(上),11-9 调性布局(上),
谱例,13.40,E:\Documents\DeepSeeK\harmony-trainer\images\adv\1346833794_figure_largeshow.jpg,第十三章 现代和声,13-6 其他有限移位调式,13-6 其他有限移位调式,
谱例,13.33,E:\Documents\DeepSeeK\harmony-trainer\images\adv\1346833997_figure_largeshow.jpg,第十三章 现代和声,13-5 减音阶,13-5 减音阶,
谱例,13.44,E:\Documents\DeepSeeK\harmony-trainer\images\adv\1346834052_figure_largeshow.jpg,第十三章 现代和声,13-6 其他有限移位调式,13-6 其他有限移位调式,
谱例,13.28,E:\Documents\DeepSeeK\harmony-trainer\images\adv\1346834113_figure_largeshow.jpg,第十三章 现代和声,13-5 减音阶,13-5 减音阶,
谱例,13.35,E:\Documents\DeepSeeK\harmony-trainer\images\adv\1346834237_figure_largeshow.jpg,第十三章 现代和声,13-5 减音阶,13-5 减音阶,
图,,E:\Documents\DeepSeeK\harmony-trainer\images\adv\1346840993_figure_largeshow.jpg,第十三章 现代和声,13-6 其他有限移位调式,13-6 其他有限移位调式,图13.75 第三音阶与泛音共鸣和弦
谱例,13.38,E:\Documents\DeepSeeK\harmony-trainer\images\adv\1348335875_figure_largeshow.jpg,第十三章 现代和声,13-6 其他有限移位调式,13-6 其他有限移位调式,
谱例,13.39,E:\Documents\DeepSeeK\harmony-trainer\images\adv\1348335976_figure_largeshow.jpg,第十三章 现代和声,13-6 其他有限移位调式,13-6 其他有限移位调式,
谱例,13.45,E:\Documents\DeepSeeK\harmony-trainer\images\adv\1348336275_figure_largeshow.jpg,第十三章 现代和声,13-6 其他有限移位调式,13-6 其他有限移位调式,
谱例,13.46,E:\Documents\DeepSeeK\harmony-trainer\images\adv\1348336300_figure_largeshow.jpg,第十三章 现代和声,13-6 其他有限移位调式,13-6 其他有限移位调式,
图,,E:\Documents\DeepSeeK\harmony-trainer\images\adv\1348336402_figure_largeshow.jpg,第十三章 现代和声,13-6 其他有限移位调式,13-6 其他有限移位调式,
图,,E:\Documents\DeepSeeK\harmony-trainer\images\adv\1348336566_figure_largeshow.jpg,第十三章 现代和声,13-6 其他有限移位调式,13-6 其他有限移位调式,
谱例,13.43,E:\Documents\DeepSeeK\harmony-trainer\images\adv\1348878635_figure_largeshow.jpg,第十三章 现代和声,13-6 其他有限移位调式,13-6 其他有限移位调式,
谱例,13.2,E:\Documents\DeepSeeK\harmony-trainer\images\adv\1348959960_figure_largeshow.jpg,第十三章 现代和声,13-3 有限移位调式,13-3 有限移位调式,
图,,E:\Documents\DeepSeeK\harmony-trainer\images\adv\1350017955_figure_largeshow.jpg,第十三章 现代和声,13-2 音集分类表,13-2 音集分类表,图13.21 音集的分布
图,,E:\Documents\DeepSeeK\harmony-trainer\images\adv\1350018132_figure_largeshow.jpg,第十三章 现代和声,13-2 音集分类表,13-2 音集分类表,图13.38 音集类(绿色)、平移类(蓝色)与调式(橙色)的分布
图,,E:\Documents\DeepSeeK\harmony-trainer\images\adv\1352656441_figure_largeshow.jpg,第十二章 调式,12-2 中古调式(下）,12-2 中古调式(下）,图12.13 C同名调式的功能组
图,,E:\Documents\DeepSeeK\harmony-trainer\images\adv\1352656743_figure_largeshow.jpg,第十二章 调式,12-2 中古调式(下）,12-2 中古调式(下）,图12.14 同名调式的和弦级数与性质
图,,E:\Documents\DeepSeeK\harmony-trainer\images\adv\1352656908_figure_largeshow.jpg,第十二章 调式,12-2 中古调式(下）,12-2 中古调式(下）,图12.11 同主音中古调式的比较
谱例,13.47,E:\Documents\DeepSeeK\harmony-trainer\images\adv\1354214986_figure_largeshow.jpg,第十三章 现代和声,13-6 其他有限移位调式,13-6 其他有限移位调式,
谱例,13.21,E:\Documents\DeepSeeK\harmony-trainer\images\adv\1354215064_figure_largeshow.jpg,第十三章 现代和声,13-5 减音阶,13-5 减音阶,
图,,E:\Documents\DeepSeeK\harmony-trainer\images\adv\1355459548_figure_largeshow.jpg,第十三章 现代和声,13-7 调性中的半音阶（上）,13-7 调性中的半音阶（上）,
图,,E:\Documents\DeepSeeK\harmony-trainer\images\adv\1355874443_figure_largeshow.jpg,第十三章 现代和声,13-2 音集分类表,13-2 音集分类表,图13.25 二/十音集的统计
图,,E:\Documents\DeepSeeK\harmony-trainer\images\adv\1355874503_figure_largeshow.jpg,第十三章 现代和声,13-2 音集分类表,13-2 音集分类表,图13.23 零/十二、一/十一、二/十音集的分类表
图,,E:\Documents\DeepSeeK\harmony-trainer\images\adv\1355874682_figure_largeshow.jpg,第十三章 现代和声,13-2 音集分类表,13-2 音集分类表,图13.26 三/九音集分类表
图,,E:\Documents\DeepSeeK\harmony-trainer\images\adv\1355874702_figure_largeshow.jpg,第十三章 现代和声,13-2 音集分类表,13-2 音集分类表,图13.27 三音集的对称性
图,,E:\Documents\DeepSeeK\harmony-trainer\images\adv\1355874995_figure_largeshow.jpg,第十三章 现代和声,13-2 音集分类表,13-2 音集分类表,图13.28 三/九音集的统计
图,,E:\Documents\DeepSeeK\harmony-trainer\images\adv\1355875094_figure_largeshow.jpg,第十三章 现代和声,13-2 音集分类表,13-2 音集分类表,图13.29 四/八音集的分类表
图,,E:\Documents\DeepSeeK\harmony-trainer\images\adv\1355875298_figure_largeshow.jpg,第十三章 现代和声,13-2 音集分类表,13-2 音集分类表,图13.31 四/八音集的统计
图,,E:\Documents\DeepSeeK\harmony-trainer\images\adv\1355875374_figure_largeshow.jpg,第十三章 现代和声,13-2 音集分类表,13-2 音集分类表,图13.35 六音集的分类表
图,,E:\Documents\DeepSeeK\harmony-trainer\images\adv\1355875494_figure_largeshow.jpg,第十三章 现代和声,13-2 音集分类表,13-2 音集分类表,图13.30 四音集的对称性
图,,E:\Documents\DeepSeeK\harmony-trainer\images\adv\1355875529_figure_largeshow.jpg,第十三章 现代和声,13-2 音集分类表,13-2 音集分类表,图13.24 对称轴与旋转轴
图,,E:\Documents\DeepSeeK\harmony-trainer\images\adv\1355875686_figure_largeshow.jpg,第十三章 现代和声,13-2 音集分类表,13-2 音集分类表,图13.36 六音集的对称性
图,,E:\Documents\DeepSeeK\harmony-trainer\images\adv\1355875761_figure_largeshow.jpg,第十三章 现代和声,13-2 音集分类表,13-2 音集分类表,图13.37 六音集的统计
图,,E:\Documents\DeepSeeK\harmony-trainer\images\adv\1355982713_figure_largeshow.jpg,第十三章 现代和声,13-3 有限移位调式,13-3 有限移位调式,图13.44 梅西安七种音阶的总结
图,,E:\Documents\DeepSeeK\harmony-trainer\images\adv\1356019426_figure_largeshow.jpg,第十三章 现代和声,13-3 有限移位调式,13-3 有限移位调式,图13.46 旋转对称的音集类汇总
图,,E:\Documents\DeepSeeK\harmony-trainer\images\adv\1356099206_figure_largeshow.jpg,第十三章 现代和声,13-4 全音阶,13-4 全音阶,图13.49 全音阶的图形
图,,E:\Documents\DeepSeeK\harmony-trainer\images\adv\1356121074_figure_largeshow.jpg,第十三章 现代和声,13-4 全音阶,13-4 全音阶,图13.52 全音阶的二/四音子集
图,,E:\Documents\DeepSeeK\harmony-trainer\images\adv\1356121173_figure_largeshow.jpg,第十三章 现代和声,13-4 全音阶,13-4 全音阶,图13.53 全音阶的三音子集
图,,E:\Documents\DeepSeeK\harmony-trainer\images\adv\1356121429_figure_largeshow.jpg,第十三章 现代和声,13-4 全音阶,13-4 全音阶,图13.54 全音阶的子集汇总
图,,E:\Documents\DeepSeeK\harmony-trainer\images\adv\1356121782_figure_largeshow.jpg,第十三章 现代和声,13-5 减音阶,13-5 减音阶,图13.58 减音阶的基本型
图,,E:\Documents\DeepSeeK\harmony-trainer\images\adv\1356121826_figure_largeshow.jpg,第十三章 现代和声,13-5 减音阶,13-5 减音阶,图13.59 减音阶的子集分类表
图,,E:\Documents\DeepSeeK\harmony-trainer\images\adv\1356122062_figure_largeshow.jpg,第十三章 现代和声,13-6 其他有限移位调式,13-6 其他有限移位调式,图13.74 梅西安第三调式的基本型
图,,E:\Documents\DeepSeeK\harmony-trainer\images\adv\1356122107_figure_largeshow.jpg,第十三章 现代和声,13-6 其他有限移位调式,13-6 其他有限移位调式,图13.76 增音阶的基本型
图,,E:\Documents\DeepSeeK\harmony-trainer\images\adv\1356122513_figure_largeshow.jpg,第十三章 现代和声,13-6 其他有限移位调式,13-6 其他有限移位调式,图13.77 第四调式的基本型
图,,E:\Documents\DeepSeeK\harmony-trainer\images\adv\1356122954_figure_largeshow.jpg,第十三章 现代和声,13-6 其他有限移位调式,13-6 其他有限移位调式,图13.78 第五调式的基本型
图,,E:\Documents\DeepSeeK\harmony-trainer\images\adv\1356123176_figure_largeshow.jpg,第十三章 现代和声,13-6 其他有限移位调式,13-6 其他有限移位调式,图13.79 第六调式的基本型
图,,E:\Documents\DeepSeeK\harmony-trainer\images\adv\1356123403_figure_largeshow.jpg,第十三章 现代和声,13-6 其他有限移位调式,13-6 其他有限移位调式,图13.80 第六调式的基本型
图,,E:\Documents\DeepSeeK\harmony-trainer\images\adv\1356124257_figure_largeshow.jpg,第十三章 现代和声,13-5 减音阶,13-5 减音阶,图13.60 减音阶中的三音列、四音列
谱例,13.48,E:\Documents\DeepSeeK\harmony-trainer\images\adv\1357229475_figure_largeshow.jpg,第十三章 现代和声,13-7 调性中的半音阶（上）,13-7 调性中的半音阶（上）,
谱例,13.49,E:\Documents\DeepSeeK\harmony-trainer\images\adv\1358235768_figure_largeshow.jpg,第十三章 现代和声,13-7 调性中的半音阶（上）,13-7 调性中的半音阶（上）,
图,,E:\Documents\DeepSeeK\harmony-trainer\images\adv\1358235895_figure_largeshow.jpg,第十三章 现代和声,13-7 调性中的半音阶（上）,13-7 调性中的半音阶（上）,
图,,E:\Documents\DeepSeeK\harmony-trainer\images\adv\1358737928_figure_largeshow.jpg,第十三章 现代和声,13-3 有限移位调式,13-3 有限移位调式,图13.45 自然音阶及半音阶的对称性
图,,E:\Documents\DeepSeeK\harmony-trainer\images\adv\1358746673_figure_largeshow.jpg,第十三章 现代和声,13-7 调性中的半音阶（上）,13-7 调性中的半音阶（上）,图13.81 半音阶、自然音阶与中国五声音阶
谱例,13.53,E:\Documents\DeepSeeK\harmony-trainer\images\adv\1359661649_figure_largeshow.jpg,第十三章 现代和声,13-7 调性中的半音阶（上）,13-7 调性中的半音阶（上）,
谱例,13.54,E:\Documents\DeepSeeK\harmony-trainer\images\adv\1359661751_figure_largeshow.jpg,第十三章 现代和声,13-7 调性中的半音阶（上）,13-7 调性中的半音阶（上）,
谱例,11.37,E:\Documents\DeepSeeK\harmony-trainer\images\adv\1359662162_figure_largeshow.jpg,第十一章 转调,11-6 等音转调(上),11-6 等音转调(上),
谱例,13.62,E:\Documents\DeepSeeK\harmony-trainer\images\adv\1363587187_figure_largeshow.jpg,第十三章 现代和声,13-7 调性中的半音阶（上）,13-7 调性中的半音阶（上）,
图,,E:\Documents\DeepSeeK\harmony-trainer\images\adv\1369657069_figure_largeshow.jpg,第十三章 现代和声,13-7 调性中的半音阶（上）,13-7 调性中的半音阶（上）,
图,,E:\Documents\DeepSeeK\harmony-trainer\images\adv\1369657333_figure_largeshow.jpg,第十三章 现代和声,13-7 调性中的半音阶（上）,13-7 调性中的半音阶（上）,
图,,E:\Documents\DeepSeeK\harmony-trainer\images\adv\1369657461_figure_largeshow.jpg,第十三章 现代和声,13-7 调性中的半音阶（上）,13-7 调性中的半音阶（上）,
图,,E:\Documents\DeepSeeK\harmony-trainer\images\adv\1369673524_figure_largeshow.jpg,第十三章 现代和声,13-7 调性中的半音阶（上）,13-7 调性中的半音阶（上）,
图,,E:\Documents\DeepSeeK\harmony-trainer\images\adv\1370806876_figure_largeshow.jpg,第十三章 现代和声,13-7 调性中的半音阶（上）,13-7 调性中的半音阶（上）,
图,,E:\Documents\DeepSeeK\harmony-trainer\images\adv\1370807673_figure_largeshow.jpg,第十三章 现代和声,13-7 调性中的半音阶（上）,13-7 调性中的半音阶（上）,
图,,E:\Documents\DeepSeeK\harmony-trainer\images\adv\1370807936_figure_largeshow.jpg,第十三章 现代和声,13-7 调性中的半音阶（上）,13-7 调性中的半音阶（上）,
图,,E:\Documents\DeepSeeK\harmony-trainer\images\adv\1370808009_figure_largeshow.jpg,第十三章 现代和声,13-7 调性中的半音阶（上）,13-7 调性中的半音阶（上）,
图,,E:\Documents\DeepSeeK\harmony-trainer\images\adv\1370808124_figure_largeshow.jpg,第十一章 转调,11-7 等音转调(下),11-7 等音转调(下),图11.72 挂留和弦的等音转调
谱例,13.50,E:\Documents\DeepSeeK\harmony-trainer\images\adv\1387568979_figure_largeshow.jpg,第十三章 现代和声,13-7 调性中的半音阶（上）,13-7 调性中的半音阶（上）,
谱例,13.61,E:\Documents\DeepSeeK\harmony-trainer\images\adv\1389458296_figure_largeshow.jpg,第十三章 现代和声,13-7 调性中的半音阶（上）,13-7 调性中的半音阶（上）,
谱例,13.64,E:\Documents\DeepSeeK\harmony-trainer\images\adv\1389458441_figure_largeshow.jpg,第十三章 现代和声,13-7 调性中的半音阶（上）,13-7 调性中的半音阶（上）,
图,,E:\Documents\DeepSeeK\harmony-trainer\images\adv\1389458561_figure_largeshow.jpg,第十三章 现代和声,13-7 调性中的半音阶（上）,13-7 调性中的半音阶（上）,
谱例,13.57,E:\Documents\DeepSeeK\harmony-trainer\images\adv\1389458634_figure_largeshow.jpg,第十三章 现代和声,13-7 调性中的半音阶（上）,13-7 调性中的半音阶（上）,
谱例,11.37,E:\Documents\DeepSeeK\harmony-trainer\images\adv\1389497473_figure_largeshow.jpg,第十三章 现代和声,13-7 调性中的半音阶（上）,13-7 调性中的半音阶（上）,
图,,E:\Documents\DeepSeeK\harmony-trainer\images\adv\1389497689_figure_largeshow.jpg,第十三章 现代和声,13-7 调性中的半音阶（上）,13-7 调性中的半音阶（上）,图13.82 莫扎特《安魂曲》的转调模进
谱例,13.52,E:\Documents\DeepSeeK\harmony-trainer\images\adv\1389497748_figure_largeshow.jpg,第十三章 现代和声,13-7 调性中的半音阶（上）,13-7 调性中的半音阶（上）,
谱例,13.55,E:\Documents\DeepSeeK\harmony-trainer\images\adv\1389498022_figure_largeshow.jpg,第十三章 现代和声,13-7 调性中的半音阶（上）,13-7 调性中的半音阶（上）,
谱例,13.56,E:\Documents\DeepSeeK\harmony-trainer\images\adv\1389498647_figure_largeshow.jpg,第十三章 现代和声,13-7 调性中的半音阶（上）,13-7 调性中的半音阶（上）,
图,,E:\Documents\DeepSeeK\harmony-trainer\images\adv\1389498876_figure_largeshow.jpg,第十三章 现代和声,13-7 调性中的半音阶（上）,13-7 调性中的半音阶（上）,
图,,E:\Documents\DeepSeeK\harmony-trainer\images\adv\1389498956_figure_largeshow.jpg,第十三章 现代和声,13-7 调性中的半音阶（上）,13-7 调性中的半音阶（上）,
图,,E:\Documents\DeepSeeK\harmony-trainer\images\adv\1389629908_figure_largeshow.jpg,第十三章 现代和声,13-7 调性中的半音阶（上）,13-7 调性中的半音阶（上）,
谱例,13.58,E:\Documents\DeepSeeK\harmony-trainer\images\adv\1389641646_figure_largeshow.jpg,第十三章 现代和声,13-7 调性中的半音阶（上）,13-7 调性中的半音阶（上）,
图,,E:\Documents\DeepSeeK\harmony-trainer\images\adv\1389641933_figure_largeshow.jpg,第十三章 现代和声,13-7 调性中的半音阶（上）,13-7 调性中的半音阶（上）,
图,,E:\Documents\DeepSeeK\harmony-trainer\images\adv\1389642108_figure_largeshow.jpg,第十三章 现代和声,13-7 调性中的半音阶（上）,13-7 调性中的半音阶（上）,
谱例,13.59,E:\Documents\DeepSeeK\harmony-trainer\images\adv\1389642221_figure_largeshow.jpg,第十三章 现代和声,13-7 调性中的半音阶（上）,13-7 调性中的半音阶（上）,
谱例,13.60,E:\Documents\DeepSeeK\harmony-trainer\images\adv\1389642729_figure_largeshow.jpg,第十三章 现代和声,13-7 调性中的半音阶（上）,13-7 调性中的半音阶（上）,
图,,E:\Documents\DeepSeeK\harmony-trainer\images\adv\1389642860_figure_largeshow.jpg,第十三章 现代和声,13-7 调性中的半音阶（上）,13-7 调性中的半音阶（上）,
谱例,13.67,E:\Documents\DeepSeeK\harmony-trainer\images\adv\1389643119_figure_largeshow.jpg,第十三章 现代和声,13-7 调性中的半音阶（上）,13-7 调性中的半音阶（上）,
图,,E:\Documents\DeepSeeK\harmony-trainer\images\adv\1389643251_figure_largeshow.jpg,第十三章 现代和声,13-7 调性中的半音阶（上）,13-7 调性中的半音阶（上）,
图,,E:\Documents\DeepSeeK\harmony-trainer\images\adv\1389643385_figure_largeshow.jpg,第十三章 现代和声,13-7 调性中的半音阶（上）,13-7 调性中的半音阶（上）,
图,,E:\Documents\DeepSeeK\harmony-trainer\images\adv\1389643675_figure_largeshow.jpg,第十三章 现代和声,13-7 调性中的半音阶（上）,13-7 调性中的半音阶（上）,
图,,E:\Documents\DeepSeeK\harmony-trainer\images\adv\1389643786_figure_largeshow.jpg,第十三章 现代和声,13-7 调性中的半音阶（上）,13-7 调性中的半音阶（上）,
谱例,13.66,E:\Documents\DeepSeeK\harmony-trainer\images\adv\1389643824_figure_largeshow.jpg,第十三章 现代和声,13-7 调性中的半音阶（上）,13-7 调性中的半音阶（上）,
图,,E:\Documents\DeepSeeK\harmony-trainer\images\adv\1389646586_figure_largeshow.jpg,第十三章 现代和声,13-7 调性中的半音阶（上）,13-7 调性中的半音阶（上）,
图,,E:\Documents\DeepSeeK\harmony-trainer\images\adv\1393680235_figure_largeshow.jpg,第十三章 现代和声,13-2 音集分类表,13-2 音集分类表,图13.39 C7在半音阶及五度圈上的图形
谱例,13.68,E:\Documents\DeepSeeK\harmony-trainer\images\adv\1397322548_figure_largeshow.jpg,第十三章 现代和声,13-8 调性中的半音阶（下）,13-8 调性中的半音阶（下）,
图,,E:\Documents\DeepSeeK\harmony-trainer\images\adv\1397322648_figure_largeshow.jpg,第十三章 现代和声,13-8 调性中的半音阶（下）,13-8 调性中的半音阶（下）,
图,,E:\Documents\DeepSeeK\harmony-trainer\images\adv\1415858139_figure_largeshow.jpg,第十一章 转调,11-9 调性布局(上),11-9 调性布局(上),
图,,E:\Documents\DeepSeeK\harmony-trainer\images\adv\1419009800_figure_largeshow.jpg,第十二章 调式,12-7 日本音阶,12-7 日本音阶,图12.52 A民谣音阶及其三音列
图,,E:\Documents\DeepSeeK\harmony-trainer\images\adv\1419010045_figure_largeshow.jpg,第十二章 调式,12-7 日本音阶,12-7 日本音阶,图12.53 G律音阶及其三音列
谱例,12.91,E:\Documents\DeepSeeK\harmony-trainer\images\adv\1419010252_figure_largeshow.jpg,第十二章 调式,12-7 日本音阶,12-7 日本音阶,
图,,E:\Documents\DeepSeeK\harmony-trainer\images\adv\1419010472_figure_largeshow.jpg,第十二章 调式,12-7 日本音阶,12-7 日本音阶,图12.54 E都节音阶及其三音列
图,,E:\Documents\DeepSeeK\harmony-trainer\images\adv\1419010578_figure_largeshow.jpg,第十二章 调式,12-7 日本音阶,12-7 日本音阶,图12.55 C琉球音阶及其三音列
图,,E:\Documents\DeepSeeK\harmony-trainer\images\adv\1419369689_figure_largeshow.jpg,第十二章 调式,12-7 日本音阶,12-7 日本音阶,图12.51 日本现代习惯的十二律与音名对照
图,,E:\Documents\DeepSeeK\harmony-trainer\images\adv\1419369856_figure_largeshow.jpg,第十二章 调式,12-7 日本音阶,12-7 日本音阶,图12.56 十三弦日本筝的一些常用定弦
图,,E:\Documents\DeepSeeK\harmony-trainer\images\adv\1420277570_figure_largeshow.jpg,第十二章 调式,12-8 自然音阶与调性,12-8 自然音阶与调性,图12.59 同一四度框架下的四种日本音阶
图,,E:\Documents\DeepSeeK\harmony-trainer\images\adv\1420277785_figure_largeshow.jpg,第十二章 调式,12-8 自然音阶与调性,12-8 自然音阶与调性,图12.60 都节、琉球与同宫阳音阶的关系
图,,E:\Documents\DeepSeeK\harmony-trainer\images\adv\1420277812_figure_largeshow.jpg,第十二章 调式,12-8 自然音阶与调性,12-8 自然音阶与调性,图12.61 都节音阶与琉球音阶的属-下属关系
图,,E:\Documents\DeepSeeK\harmony-trainer\images\adv\1420277999_figure_largeshow.jpg,第十二章 调式,12-8 自然音阶与调性,12-8 自然音阶与调性,图12.62 同一自然音阶下的都节与琉球音阶
图,,E:\Documents\DeepSeeK\harmony-trainer\images\adv\1420278164_figure_largeshow.jpg,第十二章 调式,12-8 自然音阶与调性,12-8 自然音阶与调性,图12.67 自然音阶里的三种纯四度四音列
图,,E:\Documents\DeepSeeK\harmony-trainer\images\adv\1420278434_figure_largeshow.jpg,第十二章 调式,12-8 自然音阶与调性,12-8 自然音阶与调性,图12.63 七声、五声音阶的常见关系
图,,E:\Documents\DeepSeeK\harmony-trainer\images\adv\1529527398_figure_largeshow.jpg,第十二章 调式,12-3 中国民族调式,12-3 中国民族调式,图12.23 C均的同阶三宫（左）与燕乐二十八调简表（右）
谱例,13.72,E:\Documents\DeepSeeK\harmony-trainer\images\adv\1536915503_figure_largeshow.jpg,第十三章 现代和声,13-8 调性中的半音阶（下）,13-8 调性中的半音阶（下）,
图,,E:\Documents\DeepSeeK\harmony-trainer\images\adv\1536915628_figure_largeshow.jpg,第十三章 现代和声,13-8 调性中的半音阶（下）,13-8 调性中的半音阶（下）,
谱例,13.70,E:\Documents\DeepSeeK\harmony-trainer\images\adv\1550388274_figure_largeshow.jpg,第十三章 现代和声,13-8 调性中的半音阶（下）,13-8 调性中的半音阶（下）,
图,,E:\Documents\DeepSeeK\harmony-trainer\images\adv\1550388358_figure_largeshow.jpg,第十三章 现代和声,13-8 调性中的半音阶（下）,13-8 调性中的半音阶（下）,
图,,E:\Documents\DeepSeeK\harmony-trainer\images\adv\1550388484_figure_largeshow.jpg,第十三章 现代和声,13-8 调性中的半音阶（下）,13-8 调性中的半音阶（下）,
谱例,13.71,E:\Documents\DeepSeeK\harmony-trainer\images\adv\1550611727_figure_largeshow.jpg,第十三章 现代和声,13-8 调性中的半音阶（下）,13-8 调性中的半音阶（下）,
图,,E:\Documents\DeepSeeK\harmony-trainer\images\adv\1550611839_figure_largeshow.jpg,第十三章 现代和声,13-8 调性中的半音阶（下）,13-8 调性中的半音阶（下）,
图,,E:\Documents\DeepSeeK\harmony-trainer\images\adv\1550612055_figure_largeshow.jpg,第十三章 现代和声,13-8 调性中的半音阶（下）,13-8 调性中的半音阶（下）,
图,,E:\Documents\DeepSeeK\harmony-trainer\images\adv\1550612223_figure_largeshow.jpg,第十三章 现代和声,13-8 调性中的半音阶（下）,13-8 调性中的半音阶（下）,
图,,E:\Documents\DeepSeeK\harmony-trainer\images\adv\1550612383_figure_largeshow.jpg,第十三章 现代和声,13-8 调性中的半音阶（下）,13-8 调性中的半音阶（下）,
谱例,13.73,E:\Documents\DeepSeeK\harmony-trainer\images\adv\1550612488_figure_largeshow.jpg,第十三章 现代和声,13-8 调性中的半音阶（下）,13-8 调性中的半音阶（下）,
图,,E:\Documents\DeepSeeK\harmony-trainer\images\adv\1550988902_figure_largeshow.jpg,第十三章 现代和声,13-8 调性中的半音阶（下）,13-8 调性中的半音阶（下）,
谱例,13.75,E:\Documents\DeepSeeK\harmony-trainer\images\adv\1551633668_figure_largeshow.jpg,第十三章 现代和声,13-8 调性中的半音阶（下）,13-8 调性中的半音阶（下）,
谱例,8.19,E:\Documents\DeepSeeK\harmony-trainer\images\adv\1551633848_figure_largeshow.jpg,第十三章 现代和声,13-8 调性中的半音阶（下）,13-8 调性中的半音阶（下）,
谱例,13.76,E:\Documents\DeepSeeK\harmony-trainer\images\adv\1551904541_figure_largeshow.jpg,第十三章 现代和声,13-8 调性中的半音阶（下）,13-8 调性中的半音阶（下）,
图,,E:\Documents\DeepSeeK\harmony-trainer\images\adv\1551904603_figure_largeshow.jpg,第十三章 现代和声,13-8 调性中的半音阶（下）,13-8 调性中的半音阶（下）,
谱例,13.63,E:\Documents\DeepSeeK\harmony-trainer\images\adv\1552920113_figure_largeshow.jpg,第十三章 现代和声,13-7 调性中的半音阶（上）,13-7 调性中的半音阶（上）,
图,,E:\Documents\DeepSeeK\harmony-trainer\images\adv\1552920491_figure_largeshow.jpg,第十三章 现代和声,13-7 调性中的半音阶（上）,13-7 调性中的半音阶（上）,
图,,E:\Documents\DeepSeeK\harmony-trainer\images\adv\1552920654_figure_largeshow.jpg,第十三章 现代和声,13-7 调性中的半音阶（上）,13-7 调性中的半音阶（上）,
图,,E:\Documents\DeepSeeK\harmony-trainer\images\adv\1552920772_figure_largeshow.jpg,第十三章 现代和声,13-7 调性中的半音阶（上）,13-7 调性中的半音阶（上）,
图,,E:\Documents\DeepSeeK\harmony-trainer\images\adv\1552920894_figure_largeshow.jpg,第十三章 现代和声,13-7 调性中的半音阶（上）,13-7 调性中的半音阶（上）,
图,,E:\Documents\DeepSeeK\harmony-trainer\images\adv\1552920977_figure_largeshow.jpg,第十三章 现代和声,13-7 调性中的半音阶（上）,13-7 调性中的半音阶（上）,
图,,E:\Documents\DeepSeeK\harmony-trainer\images\adv\1552921159_figure_largeshow.jpg,第十三章 现代和声,13-7 调性中的半音阶（上）,13-7 调性中的半音阶（上）,
谱例,13.74,E:\Documents\DeepSeeK\harmony-trainer\images\adv\1553695989_figure_largeshow.jpg,第十三章 现代和声,13-8 调性中的半音阶（下）,13-8 调性中的半音阶（下）,
图,,E:\Documents\DeepSeeK\harmony-trainer\images\adv\1553696006_figure_largeshow.jpg,第十三章 现代和声,13-8 调性中的半音阶（下）,13-8 调性中的半音阶（下）,
图,,E:\Documents\DeepSeeK\harmony-trainer\images\adv\1553696233_figure_largeshow.jpg,第十三章 现代和声,13-8 调性中的半音阶（下）,13-8 调性中的半音阶（下）,
谱例,12.42,E:\Documents\DeepSeeK\harmony-trainer\images\adv\1554232882_figure_largeshow.jpg,第十二章 调式,12-4 中国风格的旋律,12-4 中国风格的旋律,
谱例,12.41,E:\Documents\DeepSeeK\harmony-trainer\images\adv\1554233053_figure_largeshow.jpg,第十二章 调式,12-4 中国风格的旋律,12-4 中国风格的旋律,
图,,E:\Documents\DeepSeeK\harmony-trainer\images\adv\1570820296_figure_largeshow.jpg,第十三章 现代和声,13-8 调性中的半音阶（下）,13-8 调性中的半音阶（下）,
图,,E:\Documents\DeepSeeK\harmony-trainer\images\adv\1570820337_figure_largeshow.jpg,第十三章 现代和声,13-8 调性中的半音阶（下）,13-8 调性中的半音阶（下）,
谱例,13.77,E:\Documents\DeepSeeK\harmony-trainer\images\adv\1570820469_figure_largeshow.jpg,第十三章 现代和声,13-8 调性中的半音阶（下）,13-8 调性中的半音阶（下）,
谱例,13.69,E:\Documents\DeepSeeK\harmony-trainer\images\adv\1603269870_figure_largeshow.jpg,第十三章 现代和声,13-8 调性中的半音阶（下）,13-8 调性中的半音阶（下）,
图,,E:\Documents\DeepSeeK\harmony-trainer\images\adv\1603269927_figure_largeshow.jpg,第十三章 现代和声,13-8 调性中的半音阶（下）,13-8 调性中的半音阶（下）,
谱例,12.2,E:\Documents\DeepSeeK\harmony-trainer\images\adv\1689875261_figure_largeshow.jpg,第十二章 调式,12-1 中古调式(上),12-1 中古调式(上),
谱例,12.11,E:\Documents\DeepSeeK\harmony-trainer\images\adv\1689875384_figure_largeshow.jpg,第十二章 调式,12-1 中古调式(上),12-1 中古调式(上),
图,,E:\Documents\DeepSeeK\harmony-trainer\images\adv\1690775109_figure_largeshow.jpg,第十三章 现代和声,13-1 音集理论基础,13-1 音集理论基础,图13.19 一些音集的音程向量
图,,E:\Documents\DeepSeeK\harmony-trainer\images\adv\1690775221_figure_largeshow.jpg,第十三章 现代和声,13-1 音集理论基础,13-1 音集理论基础,图13.20 全音程四音列
谱例,13.11,E:\Documents\DeepSeeK\harmony-trainer\images\adv\1690789115_figure_largeshow.jpg,第十三章 现代和声,13-4 全音阶,13-4 全音阶,
谱例,13.78,E:\Documents\DeepSeeK\harmony-trainer\images\adv\1690789282_figure_largeshow.jpg,第十三章 现代和声,13-8 调性中的半音阶（下）,13-8 调性中的半音阶（下）,
谱例,13.79,E:\Documents\DeepSeeK\harmony-trainer\images\adv\1690789323_figure_largeshow.jpg,第十三章 现代和声,13-8 调性中的半音阶（下）,13-8 调性中的半音阶（下）,
谱例,13.80,E:\Documents\DeepSeeK\harmony-trainer\images\adv\1690789455_figure_largeshow.jpg,第十三章 现代和声,13-8 调性中的半音阶（下）,13-8 调性中的半音阶（下）,
谱例,12.5,E:\Documents\DeepSeeK\harmony-trainer\images\adv\1690789940_figure_largeshow.jpg,第十二章 调式,12-1 中古调式(上),12-1 中古调式(上),
谱例,12.15,E:\Documents\DeepSeeK\harmony-trainer\images\adv\1690790376_figure_largeshow.jpg,第十二章 调式,12-1 中古调式(上),12-1 中古调式(上),
谱例,12.16,E:\Documents\DeepSeeK\harmony-trainer\images\adv\1690790687_figure_largeshow.jpg,第十二章 调式,12-1 中古调式(上),12-1 中古调式(上),
谱例,12.17,E:\Documents\DeepSeeK\harmony-trainer\images\adv\1690792536_figure_largeshow.jpg,第十二章 调式,12-1 中古调式(上),12-1 中古调式(上),
谱例,12.21,E:\Documents\DeepSeeK\harmony-trainer\images\adv\1690792655_figure_largeshow.jpg,第十二章 调式,12-1 中古调式(上),12-1 中古调式(上),
谱例,12.19,E:\Documents\DeepSeeK\harmony-trainer\images\adv\1690793150_figure_largeshow.jpg,第十二章 调式,12-1 中古调式(上),12-1 中古调式(上),
谱例,12.3,E:\Documents\DeepSeeK\harmony-trainer\images\adv\1691113548_figure_largeshow.jpg,第十二章 调式,12-1 中古调式(上),12-1 中古调式(上),
谱例,12.23,E:\Documents\DeepSeeK\harmony-trainer\images\adv\1692552136_figure_largeshow.jpg,第十二章 调式,12-2 中古调式(下）,12-2 中古调式(下）,
谱例,12.24,E:\Documents\DeepSeeK\harmony-trainer\images\adv\1692552337_figure_largeshow.jpg,第十二章 调式,12-2 中古调式(下）,12-2 中古调式(下）,
谱例,12.25,E:\Documents\DeepSeeK\harmony-trainer\images\adv\1692552680_figure_largeshow.jpg,第十二章 调式,12-2 中古调式(下）,12-2 中古调式(下）,
图,,E:\Documents\DeepSeeK\harmony-trainer\images\adv\1692552768_figure_largeshow.jpg,第十二章 调式,12-2 中古调式(下）,12-2 中古调式(下）,
图,,E:\Documents\DeepSeeK\harmony-trainer\images\adv\1692552862_figure_largeshow.jpg,第十二章 调式,12-2 中古调式(下）,12-2 中古调式(下）,
图,,E:\Documents\DeepSeeK\harmony-trainer\images\adv\1692553011_figure_largeshow.jpg,第十二章 调式,12-2 中古调式(下）,12-2 中古调式(下）,
谱例,12.26,E:\Documents\DeepSeeK\harmony-trainer\images\adv\1692553123_figure_largeshow.jpg,第十二章 调式,12-2 中古调式(下）,12-2 中古调式(下）,
谱例,12.27,E:\Documents\DeepSeeK\harmony-trainer\images\adv\1692553778_figure_largeshow.jpg,第十二章 调式,12-2 中古调式(下）,12-2 中古调式(下）,
谱例,12.28,E:\Documents\DeepSeeK\harmony-trainer\images\adv\1692553944_figure_largeshow.jpg,第十二章 调式,12-2 中古调式(下）,12-2 中古调式(下）,
图,,E:\Documents\DeepSeeK\harmony-trainer\images\adv\1692554018_figure_largeshow.jpg,第十二章 调式,12-2 中古调式(下）,12-2 中古调式(下）,
图,,E:\Documents\DeepSeeK\harmony-trainer\images\adv\1692554275_figure_largeshow.jpg,第十二章 调式,12-2 中古调式(下）,12-2 中古调式(下）,
谱例,12.29,E:\Documents\DeepSeeK\harmony-trainer\images\adv\1692554603_figure_largeshow.jpg,第十二章 调式,12-2 中古调式(下）,12-2 中古调式(下）,
图,,E:\Documents\DeepSeeK\harmony-trainer\images\adv\1692554822_figure_largeshow.jpg,第十二章 调式,12-2 中古调式(下）,12-2 中古调式(下）,
谱例,11.16,E:\Documents\DeepSeeK\harmony-trainer\images\adv\1693505288_figure_largeshow.jpg,第十一章 转调,11-4 同名转调,11-4 同名转调,
谱例,12.8,E:\Documents\DeepSeeK\harmony-trainer\images\adv\1693949232_figure_largeshow.jpg,第十二章 调式,12-1 中古调式(上),12-1 中古调式(上),
谱例,12.12,E:\Documents\DeepSeeK\harmony-trainer\images\adv\1694568703_figure_largeshow.jpg,第十二章 调式,12-1 中古调式(上),12-1 中古调式(上),
谱例,12.15,E:\Documents\DeepSeeK\harmony-trainer\images\adv\1694984789_figure_largeshow.jpg,第十二章 调式,12-2 中古调式(下）,12-2 中古调式(下）,
谱例,12.20,E:\Documents\DeepSeeK\harmony-trainer\images\adv\1694984964_figure_largeshow.jpg,第十二章 调式,12-2 中古调式(下）,12-2 中古调式(下）,
谱例,12.17,E:\Documents\DeepSeeK\harmony-trainer\images\adv\1694985138_figure_largeshow.jpg,第十二章 调式,12-2 中古调式(下）,12-2 中古调式(下）,
谱例,12.30,E:\Documents\DeepSeeK\harmony-trainer\images\adv\1696285793_figure_largeshow.jpg,第十二章 调式,12-2 中古调式(下）,12-2 中古调式(下）,
谱例,11.12,E:\Documents\DeepSeeK\harmony-trainer\images\adv\1696485328_figure_largeshow.jpg,第十一章 转调,11-4 同名转调,11-4 同名转调,
谱例,11.38,E:\Documents\DeepSeeK\harmony-trainer\images\adv\1697074365_figure_largeshow.jpg,第十一章 转调,11-6 等音转调(上),11-6 等音转调(上),
图,,E:\Documents\DeepSeeK\harmony-trainer\images\adv\1697074455_figure_largeshow.jpg,第十一章 转调,11-6 等音转调(上),11-6 等音转调(上),图11.56 通过G7的等音转调
谱例,11.39,E:\Documents\DeepSeeK\harmony-trainer\images\adv\1697074570_figure_largeshow.jpg,第十一章 转调,11-6 等音转调(上),11-6 等音转调(上),
图,,E:\Documents\DeepSeeK\harmony-trainer\images\adv\1697074685_figure_largeshow.jpg,第十一章 转调,11-6 等音转调(上),11-6 等音转调(上),图11.57 G7等音关系与调性、功能探究
谱例,11.42,E:\Documents\DeepSeeK\harmony-trainer\images\adv\1697074779_figure_largeshow.jpg,第十一章 转调,11-6 等音转调(上),11-6 等音转调(上),
谱例,11.43,E:\Documents\DeepSeeK\harmony-trainer\images\adv\1697074850_figure_largeshow.jpg,第十一章 转调,11-6 等音转调(上),11-6 等音转调(上),
图,,E:\Documents\DeepSeeK\harmony-trainer\images\adv\1697074995_figure_largeshow.jpg,第十一章 转调,11-6 等音转调(上),11-6 等音转调(上),图11.61 G7♭5的等音关系研究
图,,E:\Documents\DeepSeeK\harmony-trainer\images\adv\1697075026_figure_largeshow.jpg,第十一章 转调,11-6 等音转调(上),11-6 等音转调(上),图11.62 G+7的等音关系研究
谱例,11.46,E:\Documents\DeepSeeK\harmony-trainer\images\adv\1697075154_figure_largeshow.jpg,第十一章 转调,11-6 等音转调(上),11-6 等音转调(上),
图,,E:\Documents\DeepSeeK\harmony-trainer\images\adv\1697075229_figure_largeshow.jpg,第十一章 转调,11-6 等音转调(上),11-6 等音转调(上),
图,,E:\Documents\DeepSeeK\harmony-trainer\images\adv\1697075391_figure_largeshow.jpg,第十一章 转调,11-6 等音转调(上),11-6 等音转调(上),
图,,E:\Documents\DeepSeeK\harmony-trainer\images\adv\1697075414_figure_largeshow.jpg,第十一章 转调,11-7 等音转调(下),11-7 等音转调(下),图11.65 含有增三和弦的七和弦
图,,E:\Documents\DeepSeeK\harmony-trainer\images\adv\1697075533_figure_largeshow.jpg,第十一章 转调,11-7 等音转调(下),11-7 等音转调(下),图11.69 增三和弦与减七和弦的变换网络
谱例,11.62,E:\Documents\DeepSeeK\harmony-trainer\images\adv\1697075630_figure_largeshow.jpg,第十一章 转调,11-7 等音转调(下),11-7 等音转调(下),
谱例,11.61,E:\Documents\DeepSeeK\harmony-trainer\images\adv\1697075785_figure_largeshow.jpg,第十一章 转调,11-7 等音转调(下),11-7 等音转调(下),
谱例,11.45,E:\Documents\DeepSeeK\harmony-trainer\images\adv\1697076176_figure_largeshow.jpg,第十一章 转调,11-6 等音转调(上),11-6 等音转调(上),
图,,E:\Documents\DeepSeeK\harmony-trainer\images\adv\918938777_figure_largeshow.jpg,第十一章 转调,11-1 大小调总论,11-1 大小调总论,图11.4 调性五度圈与网格图关系
图,,E:\Documents\DeepSeeK\harmony-trainer\images\adv\919145120_figure_largeshow.jpg,第十一章 转调,11-1 大小调总论,11-1 大小调总论,图11.7 B大调的属调与D♭大调的同名小调
图,,E:\Documents\DeepSeeK\harmony-trainer\images\adv\919145761_figure_largeshow.jpg,第十一章 转调,11-2 共同和弦转调,11-2 共同和弦转调,图11.10 C大调与G大调的共同和弦
图,,E:\Documents\DeepSeeK\harmony-trainer\images\adv\920131890_figure_largeshow.jpg,第十一章 转调,11-2 共同和弦转调,11-2 共同和弦转调,图11.9 转调的距离与方式
图,,E:\Documents\DeepSeeK\harmony-trainer\images\adv\920384635_figure_largeshow.jpg,第十一章 转调,11-2 共同和弦转调,11-2 共同和弦转调,图11.12 C大调到a小调的转调路线图
图,,E:\Documents\DeepSeeK\harmony-trainer\images\adv\920384962_figure_largeshow.jpg,第十一章 转调,11-2 共同和弦转调,11-2 共同和弦转调,图11.13 0调到+1调的转调路线图
图,,E:\Documents\DeepSeeK\harmony-trainer\images\adv\920385400_figure_largeshow.jpg,第十一章 转调,11-2 共同和弦转调,11-2 共同和弦转调,图11.16 0调到-1调的转调路线图
谱例,11.4,E:\Documents\DeepSeeK\harmony-trainer\images\adv\920385964_figure_largeshow.jpg,第十一章 转调,11-2 共同和弦转调,11-2 共同和弦转调,
图,,E:\Documents\DeepSeeK\harmony-trainer\images\adv\920386720_figure_largeshow.jpg,第十一章 转调,11-2 共同和弦转调,11-2 共同和弦转调,图11.11 C大调到G大调经过Am的转调路线图
图,,E:\Documents\DeepSeeK\harmony-trainer\images\adv\920386869_figure_largeshow.jpg,第十一章 转调,11-2 共同和弦转调,11-2 共同和弦转调,图11.8 离调与转调
图,,E:\Documents\DeepSeeK\harmony-trainer\images\adv\920424816_figure_largeshow.jpg,第十一章 转调,11-1 大小调总论,11-1 大小调总论,图11.2 属调与下属调
图,,E:\Documents\DeepSeeK\harmony-trainer\images\adv\920425286_figure_largeshow.jpg,第十一章 转调,11-1 大小调总论,11-1 大小调总论,图11.3 同名调
图,,E:\Documents\DeepSeeK\harmony-trainer\images\adv\920425382_figure_largeshow.jpg,第十一章 转调,11-2 共同和弦转调,11-2 共同和弦转调,图11.17 0调到-2调的转调路线图
谱例,11.6,E:\Documents\DeepSeeK\harmony-trainer\images\adv\922340633_figure_largeshow.jpg,第十一章 转调,11-2 共同和弦转调,11-2 共同和弦转调,
图,,E:\Documents\DeepSeeK\harmony-trainer\images\adv\922341297_figure_largeshow.jpg,第十一章 转调,11-2 共同和弦转调,11-2 共同和弦转调,图11.18 C/a调的共同和弦转调范围
图,,E:\Documents\DeepSeeK\harmony-trainer\images\adv\922649916_figure_largeshow.jpg,第十一章 转调,11-2 共同和弦转调,11-2 共同和弦转调,图11.15 0调到+3、+4调的逐渐转调
谱例,11.7,E:\Documents\DeepSeeK\harmony-trainer\images\adv\922897156_figure_largeshow.jpg,第十一章 转调,11-3 加速转调,11-3 加速转调,
图,,E:\Documents\DeepSeeK\harmony-trainer\images\adv\922897209_figure_largeshow.jpg,第十一章 转调,11-3 加速转调,11-3 加速转调,图11.20 C大调通过重属和弦的转调范围
谱例,11.8,E:\Documents\DeepSeeK\harmony-trainer\images\adv\922897464_figure_largeshow.jpg,第十一章 转调,11-3 加速转调,11-3 加速转调,
图,,E:\Documents\DeepSeeK\harmony-trainer\images\adv\922911960_figure_largeshow.jpg,第十一章 转调,11-3 加速转调,11-3 加速转调,图11.22 共同和弦与和声小调的转调网络
图,,E:\Documents\DeepSeeK\harmony-trainer\images\adv\922913738_figure_largeshow.jpg,第十一章 转调,11-1 大小调总论,11-1 大小调总论,图11.5 相同调式的主音音程与调号关系
图,,E:\Documents\DeepSeeK\harmony-trainer\images\adv\922917402_figure_largeshow.jpg,第十一章 转调,11-3 加速转调,11-3 加速转调,图11.24 共同和弦、和声小调与爵士小调的综合转调网络
谱例,11.10,E:\Documents\DeepSeeK\harmony-trainer\images\adv\922933168_figure_largeshow.jpg,第十一章 转调,11-3 加速转调,11-3 加速转调,
图,,E:\Documents\DeepSeeK\harmony-trainer\images\adv\923299977_figure_largeshow.jpg,第十一章 转调,11-3 加速转调,11-3 加速转调,图11.19 重属和弦转调路线举例
图,,E:\Documents\DeepSeeK\harmony-trainer\images\adv\923301575_figure_largeshow.jpg,第十一章 转调,11-3 加速转调,11-3 加速转调,图11.23 爵士小调大下属和弦的加速转调
图,,E:\Documents\DeepSeeK\harmony-trainer\images\adv\923301838_figure_largeshow.jpg,第十一章 转调,11-4 同名转调,11-4 同名转调,图11.26 同名的三种大调与三种小调
图,,E:\Documents\DeepSeeK\harmony-trainer\images\adv\923301968_figure_largeshow.jpg,第十一章 转调,11-4 同名转调,11-4 同名转调,图11.27 交替大小调的完全功能循环
图,,E:\Documents\DeepSeeK\harmony-trainer\images\adv\923302396_figure_largeshow.jpg,第十一章 转调,11-4 同名转调,11-4 同名转调,图11.28 C大调与c小调常见的共同变和弦
图,,E:\Documents\DeepSeeK\harmony-trainer\images\adv\924611463_figure_largeshow.jpg,第十一章 转调,11-3 加速转调,11-3 加速转调,图11.21 和声小调大属和弦的加速转调
图,,E:\Documents\DeepSeeK\harmony-trainer\images\adv\924969911_figure_largeshow.jpg,第十一章 转调,11-4 同名转调,11-4 同名转调,图11.29 C大调与c小调的和弦交替
图,,E:\Documents\DeepSeeK\harmony-trainer\images\adv\924970071_figure_largeshow.jpg,第十一章 转调,11-3 加速转调,11-3 加速转调,图11.25 C大调与a小调的近关系调
谱例,11.1,E:\Documents\DeepSeeK\harmony-trainer\images\adv\927116798_figure_largeshow.jpg,第十一章 转调,11-1 大小调总论,11-1 大小调总论,
图,,E:\Documents\DeepSeeK\harmony-trainer\images\adv\927116985_figure_largeshow.jpg,第十一章 转调,11-1 大小调总论,11-1 大小调总论,图11.6 牛顿色环与斯克里亚宾的调性色彩
谱例,9.23,E:\Documents\DeepSeeK\harmony-trainer\images\adv\928123129_figure_largeshow.jpg,第十一章 转调,11-4 同名转调,11-4 同名转调,
图,,E:\Documents\DeepSeeK\harmony-trainer\images\adv\928124509_figure_largeshow.jpg,第十一章 转调,11-4 同名转调,11-4 同名转调,图11.31 ii7-V7-IΔ的模进转调
图,,E:\Documents\DeepSeeK\harmony-trainer\images\adv\928254994_figure_largeshow.jpg,第十一章 转调,11-4 同名转调,11-4 同名转调,图11.32 C大调交替c小调的转调
图,,E:\Documents\DeepSeeK\harmony-trainer\images\adv\928255065_figure_largeshow.jpg,第十一章 转调,11-4 同名转调,11-4 同名转调,图11.33 a小调交替A大调的转调
谱例,11.17,E:\Documents\DeepSeeK\harmony-trainer\images\adv\929348359_figure_largeshow.jpg,第十一章 转调,11-4 同名转调,11-4 同名转调,
谱例,11.16,E:\Documents\DeepSeeK\harmony-trainer\images\adv\929349803_figure_largeshow.jpg,第十一章 转调,11-4 同名转调,11-4 同名转调,
谱例,11.15,E:\Documents\DeepSeeK\harmony-trainer\images\adv\929840271_figure_largeshow.jpg,第十一章 转调,11-4 同名转调,11-4 同名转调,
图,,E:\Documents\DeepSeeK\harmony-trainer\images\adv\929840391_figure_largeshow.jpg,第十一章 转调,11-4 同名转调,11-4 同名转调,图11.36 C/a调的远关系转调
图,,E:\Documents\DeepSeeK\harmony-trainer\images\adv\929841246_figure_largeshow.jpg,第十一章 转调,11-4 同名转调,11-4 同名转调,图11.34 C/c调通过♭2级的转调
谱例,11.20,E:\Documents\DeepSeeK\harmony-trainer\images\adv\929841327_figure_largeshow.jpg,第十一章 转调,11-4 同名转调,11-4 同名转调,
图,,E:\Documents\DeepSeeK\harmony-trainer\images\adv\930168842_figure_largeshow.jpg,第十一章 转调,11-4 同名转调,11-4 同名转调,图11.37 完整的转调网络
谱例,11.23,E:\Documents\DeepSeeK\harmony-trainer\images\adv\933343441_figure_largeshow.jpg,第十一章 转调,11-5 转调中的模进、趋近与循环,11-5 转调中的模进、趋近与循环,
谱例,11.25,E:\Documents\DeepSeeK\harmony-trainer\images\adv\934054228_figure_largeshow.jpg,第十一章 转调,11-5 转调中的模进、趋近与循环,11-5 转调中的模进、趋近与循环,
谱例,11.26,E:\Documents\DeepSeeK\harmony-trainer\images\adv\934054406_figure_largeshow.jpg,第十一章 转调,11-5 转调中的模进、趋近与循环,11-5 转调中的模进、趋近与循环,
图,,E:\Documents\DeepSeeK\harmony-trainer\images\adv\934057260_figure_largeshow.jpg,第十一章 转调,11-5 转调中的模进、趋近与循环,11-5 转调中的模进、趋近与循环,图11.38 C大调、c小调开始的全音阶下行转调
图,,E:\Documents\DeepSeeK\harmony-trainer\images\adv\934057571_figure_largeshow.jpg,第十一章 转调,11-5 转调中的模进、趋近与循环,11-5 转调中的模进、趋近与循环,图11.41 C的小三度循环转调
图,,E:\Documents\DeepSeeK\harmony-trainer\images\adv\934057816_figure_largeshow.jpg,第十一章 转调,11-5 转调中的模进、趋近与循环,11-5 转调中的模进、趋近与循环,图11.42 另一种小三度循环转调
图,,E:\Documents\DeepSeeK\harmony-trainer\images\adv\934058031_figure_largeshow.jpg,第十一章 转调,11-5 转调中的模进、趋近与循环,11-5 转调中的模进、趋近与循环,图11.44 C的大三度循环转调
图,,E:\Documents\DeepSeeK\harmony-trainer\images\adv\934058318_figure_largeshow.jpg,第十一章 转调,11-5 转调中的模进、趋近与循环,11-5 转调中的模进、趋近与循环,图11.40 五度圈与半音阶的循环转调
图,,E:\Documents\DeepSeeK\harmony-trainer\images\adv\934058455_figure_largeshow.jpg,第十一章 转调,11-5 转调中的模进、趋近与循环,11-5 转调中的模进、趋近与循环,图11.43 G7开始的大巴车循环
图,,E:\Documents\DeepSeeK\harmony-trainer\images\adv\934870538_figure_largeshow.jpg,第十一章 转调,11-5 转调中的模进、趋近与循环,11-5 转调中的模进、趋近与循环,图11.45 另一种大三度循环转调
谱例,11.32,E:\Documents\DeepSeeK\harmony-trainer\images\adv\951285253_figure_largeshow.jpg,第十一章 转调,11-6 等音转调(上),11-6 等音转调(上),
谱例,11.33,E:\Documents\DeepSeeK\harmony-trainer\images\adv\955438093_figure_largeshow.jpg,第十一章 转调,11-6 等音转调(上),11-6 等音转调(上),
图,,E:\Documents\DeepSeeK\harmony-trainer\images\adv\957023123_figure_largeshow.jpg,第十一章 转调,11-6 等音转调(上),11-6 等音转调(上),图11.49 三种游移和弦
图,,E:\Documents\DeepSeeK\harmony-trainer\images\adv\957091089_figure_largeshow.jpg,第十一章 转调,11-6 等音转调(上),11-6 等音转调(上),图11.50 减七和弦与小三度循环
图,,E:\Documents\DeepSeeK\harmony-trainer\images\adv\957091127_figure_largeshow.jpg,第十一章 转调,11-6 等音转调(上),11-6 等音转调(上),图11.52 C大调、c小调与三个减七和弦
图,,E:\Documents\DeepSeeK\harmony-trainer\images\adv\963923189_figure_largeshow.jpg,第十一章 转调,11-6 等音转调(上),11-6 等音转调(上),图11.58 C大调、c小调与12个属七和弦
谱例,11.36,E:\Documents\DeepSeeK\harmony-trainer\images\adv\964058255_figure_largeshow.jpg,第十一章 转调,11-6 等音转调(上),11-6 等音转调(上),
谱例,11.35,E:\Documents\DeepSeeK\harmony-trainer\images\adv\964058959_figure_largeshow.jpg,第十一章 转调,11-6 等音转调(上),11-6 等音转调(上),
图,,E:\Documents\DeepSeeK\harmony-trainer\images\adv\964469157_figure_largeshow.jpg,第十一章 转调,11-6 等音转调(上),11-6 等音转调(上),图11.53 B°7与一些主要七和弦的变换关系
图,,E:\Documents\DeepSeeK\harmony-trainer\images\adv\966062451_figure_largeshow.jpg,第十一章 转调,11-6 等音转调(上),11-6 等音转调(上),图11.63 等音转调与日本铁路东京站的类比
图,,E:\Documents\DeepSeeK\harmony-trainer\images\adv\966250124_figure_largeshow.jpg,第十一章 转调,11-6 等音转调(上),11-6 等音转调(上),图11.55 B°7的等音变换
图,,E:\Documents\DeepSeeK\harmony-trainer\images\adv\967065955_figure_largeshow.jpg,第十一章 转调,11-6 等音转调(上),11-6 等音转调(上),图11.51 C大调通过减七和弦等音转到e♭小调
图,,E:\Documents\DeepSeeK\harmony-trainer\images\adv\967391072_figure_largeshow.jpg,第十一章 转调,11-6 等音转调(上),11-6 等音转调(上),图11.54 主要七和弦的变换网络
图,,E:\Documents\DeepSeeK\harmony-trainer\images\adv\967391246_figure_largeshow.jpg,第十一章 转调,11-6 等音转调(上),11-6 等音转调(上),图11.60 G7no5的等音关系研究
图,,E:\Documents\DeepSeeK\harmony-trainer\images\adv\972372409_figure_largeshow.jpg,第十一章 转调,11-7 等音转调(下),11-7 等音转调(下),图11.63 增三和弦与大三度循环
谱例,11.47,E:\Documents\DeepSeeK\harmony-trainer\images\adv\972372511_figure_largeshow.jpg,第十一章 转调,11-7 等音转调(下),11-7 等音转调(下),
图,,E:\Documents\DeepSeeK\harmony-trainer\images\adv\972372711_figure_largeshow.jpg,第十一章 转调,11-7 等音转调(下),11-7 等音转调(下),图11.64 C大调、c小调与四个增三和弦
谱例,11.56,E:\Documents\DeepSeeK\harmony-trainer\images\adv\975595444_figure_largeshow.jpg,第十一章 转调,11-7 等音转调(下),11-7 等音转调(下),
谱例,11.50,E:\Documents\DeepSeeK\harmony-trainer\images\adv\976765447_figure_largeshow.jpg,第十一章 转调,11-7 等音转调(下),11-7 等音转调(下),
谱例,11.53,E:\Documents\DeepSeeK\harmony-trainer\images\adv\977367696_figure_largeshow.jpg,第十一章 转调,11-7 等音转调(下),11-7 等音转调(下),
图,,E:\Documents\DeepSeeK\harmony-trainer\images\adv\985289532_figure_largeshow.jpg,第十一章 转调,11-7 等音转调(下),11-7 等音转调(下),图11.66 增三和弦与“方块之舞”
图,,E:\Documents\DeepSeeK\harmony-trainer\images\adv\985289720_figure_largeshow.jpg,第十一章 转调,11-7 等音转调(下),11-7 等音转调(下),图11.70 和弦变换网络的总结
图,,E:\Documents\DeepSeeK\harmony-trainer\images\adv\985290094_figure_largeshow.jpg,第十一章 转调,11-7 等音转调(下),11-7 等音转调(下),图11.68 增三和弦与部分七和弦的变换网络
图,,E:\Documents\DeepSeeK\harmony-trainer\images\adv\989313949_figure_largeshow.jpg,第十一章 转调,11-7 等音转调(下),11-7 等音转调(下),图11.73 C大调的挂留和弦
图,,E:\Documents\DeepSeeK\harmony-trainer\images\adv\989314254_figure_largeshow.jpg,第十一章 转调,11-7 等音转调(下),11-7 等音转调(下),图11.74 C大调的七个十三和弦
图,,E:\Documents\DeepSeeK\harmony-trainer\images\adv\990964060_figure_largeshow.jpg,第十一章 转调,11-8 其他转调法,11-8 其他转调法,
谱例,11.63,E:\Documents\DeepSeeK\harmony-trainer\images\adv\990964129_figure_largeshow.jpg,第十一章 转调,11-8 其他转调法,11-8 其他转调法,
图,,E:\Documents\DeepSeeK\harmony-trainer\images\adv\990964224_figure_largeshow.jpg,第十一章 转调,11-8 其他转调法,11-8 其他转调法,
